Workbook

Sheet 0_README
B1: NBA HOME WIN PROBABILITY MODEL — FULLY FORMULATED EXCEL TWIN
B2: Source of truth: github.com/Risky-Scout/nba-home-win-probability-model · main (DEPLOYED CHAMPION = Elo-only; Elo+rank blend implemented and REJECTED by nested rolling-origin validation)
B4: WHAT THIS WORKBOOK IS
B5: The complete model rebuilt in live Excel formulas from the raw 1,230-game CSV: the Elo rating chain, the Bradley-Terry strengths, the momentum/trend feature, both logistic base models FITTED ON-SHEET by Newton iterations you can read cell by cell, the logistic stacker FITTED ON-SHEET the same way, and the April frozen-snapshot predictions with all four headline metrics. Every stage reconciles against the committed GitHub artifacts, with the reference values shown in blue beside the computed ones and deltas in between.
B7: COLOR LEGEND
B8: BLUE = imported input (raw game data, or a cited repository artifact used as a reconciliation reference). BLACK = live formula. GREEN = link to another sheet. YELLOW = key cells worth pointing at during the presentation.
B10: THE MODEL IN ONE PARAGRAPH
B11: The deployed champion is Elo-only: a margin-of-victory Elo rating difference (K=7.5, home advantage 55, log MOV multiplier on the WINNER-minus-LOSER rating difference) turned into a probability by a standardized, L2-penalized logistic regression fitted on all games through March 31. April team state is frozen at March 31, so no April outcome leaks into any April prediction. An Elo + Bradley-Terry/recent-trend logistic-stack blend was also built and then REJECTED: under nested rolling-origin validation it is worse than Elo-only on log loss and Brier and is worse calibrated.
B13: SHEET MAP — THE STORY IN ORDER
B14: 1_Raw_Games — the task CSV verbatim (md5-identical to data/ in the repo); home_win and margin are derived by formula.
B15: 2_Params — every architecture constant with provenance to artifacts/selected_spec.json. Change K or HFA here and the whole workbook re-derives.
B16: 3_Elo_Chain — 1,230 sequential rating updates. Pregame ratings are running sums of all prior deltas; expected score, MOV multiplier and delta are per-row formulas. Reconciled against outputs/engineered_features.csv (max |delta| shown at top).
... B30: 2_Params (one screen of assumptions) → 3_Elo_Chain (pick any row, walk the update) → 5_BT_Frozen (show the gradient block at ~0, optionally run Solver live) → 8_Fit_Stacker (a, b, c emerging from iterations, matching GitHub) → 10_April_Frozen (probabilities matching the repo per game; metrics matching final_metrics.json) → 11_Dashboard.

Sheet 1_Raw_Games
A1: RAW TASK DATA — nba-win-probability-data.csv (md5 4e80683152aa5b607d84d7f5cefd61f2, identical to repo data/). BLUE = imported; last two columns derived by formula.
A2: game_id | B2: game_date | C2: away | D2: home | E2: away_points | F2: home_points | G2: away_turnovers | H2: home_turnovers | I2: away_fouls | J2: home_fouls | K2: away_rebounds | L2: home_rebounds | M2: away_wins | N2: home_wins | O2: home_win | P2: margin
A3: 0022500001 | B3: 45951 | C3: HOU | D3: OKC | E3: 124 | F3: 125 | G3: 25 | H3: 12 | I3: 26 | J3: 27 | K3: 73 | L3: 49 | M3: 0 | N3: 0 | O3: =IF(F3>E3,1,0) | P3: =F3-E3
A4: 0022500002 | B4: 45951 | C4: GSW | D4: LAL | E4: 119 | F4: 109 | G4: 19 | H4: 20 | I4: 27 | J4: 21 | K4: 41 | L4: 49 | M4: 0 | N4: 0 | O4: =IF(F4>E4,1,0) | P4: =F4-E4
A5: 0022500003 | B5: 45952 | C5: CLE | D5: NYK | E5: 111 | F5: 119 | G5: 15 | H5: 14 | I5: 26 | J5: 23 | K5: 50 | L5: 58 | M5: 0 | N5: 0 | O5: =IF(F5>E5,1,0) | P5: =F5-E5
A6: 0022500004 | B6: 45952 | C6: SAS | D6: DAL | E6: 125 | F6: 92 | G6: 15 | H6: 16 | I6: 25 | J6: 24 | K6: 60 | L6: 47 | M6: 0 | N6: 0 | O6: =IF(F6>E6,1,0) | P6: =F6-E6
A7: 0022500080 | B7: 45952 | C7: BKN | D7: CHA | E7: 117 | F7: 136 | G7: 17 | H7: 17 | I7: 29 | J7: 25 | K7: 44 | L7: 67 | M7: 0 | N7: 0 | O7: =IF(F7>E7,1,0) | P7: =F7-E7
A8: 0022500081 | B8: 45952 | C8: MIA | D8: ORL | E8: 121 | F8: 125 | G8: 19 | H8: 15 | I8: 28 | J8: 20 | K8: 56 | L8: 54 | M8: 0 | N8: 0 | O8: =IF(F8>E8,1,0) | P8: =F8-E8
A9: 0022500082 | B9: 45952 | C9: TOR | D9: ATL | E9: 138 | F9: 118 | G9: 19 | H9: 16 | I9: 32 | J9: 24 | K9: 60 | L9: 44 | M9: 0 | N9: 0 | O9: =IF(F9>E9,1,0) | P9: =F9-E9
A10: 0022500083 | B10: 45952 | C10: PHI | D10: BOS | E10: 117 | F10: 116 | G10: 14 | H10: 11 | I10: 23 | J10: 28 | K10: 55 | L10: 51 | M10: 0 | N10: 0 | O10: =IF(F10>E10,1,0) | P10: =F10-E10
A11: 0022500084 | B11: 45952 | C11: DET | D11: CHI | E11: 111 | F11: 115 | G11: 10 | H11: 18 | I11: 29 | J11: 23 | K11: 56 | L11: 60 | M11: 0 | N11: 0 | O11: =IF(F11>E11,1,0) | P11: =F11-E11
A12: 0022500085 | B12: 45952 | C12: NOP | D12: MEM | E12: 122 | F12: 128 | G12: 15 | H12: 17 | I12: 30 | J12: 29 | K12: 58 | L12: 53 | M12: 0 | N12: 0 | O12: =IF(F12>E12,1,0) | P12: =F12-E12
A13: 0022500086 | B13: 45952 | C13: WAS | D13: MIL | E13: 120 | F13: 133 | G13: 13 | H13: 8 | I13: 19 | J13: 22 | K13: 63 | L13: 50 | M13: 0 | N13: 0 | O13: =IF(F13>E13,1,0) | P13: =F13-E13
A14: 0022500087 | B14: 45952 | C14: LAC | D14: UTA | E14: 108 | F14: 129 | G14: 15 | H14: 13 | I14: 21 | J14: 22 | K14: 45 | L14: 52 | M14: 0 | N14: 0 | O14: =IF(F14>E14,1,0) | P14: =F14-E14
... A1232: 0022501200 | B1232: 46124 | C1232: SAC | D1232: POR | E1232: 110 | F1232: 122 | G1232: 17 | H1232: 12 | I1232: 18 | J1232: 21 | K1232: 55 | L1232: 53 | M1232: 22 | N1232: 41 | O1232: =IF(F1232>E1232,1,0) | P1232: =F1232-E1232

Sheet 2_Params
A1: ARCHITECTURE PARAMETERS — provenance: artifacts/selected_spec.json (Elo-only champion, architecture "conservative"). Fields below the Elo block parameterize the rejected challenger blend only.
A3: parameter | B3: value | C3: where this number is set (file in the GitHub repo — the answer to "where did this come from?")
A4: initial Elo rating | B4: 1500 | C4: code: nba_wp/features.py — every team starts the season rated 1500
A5: Elo K-factor | B5: 7.5 | C5: spec: artifacts/selected_spec.json, field elo_k — rating points that swing on a single game
A6: Elo home-court advantage (pts) | B6: 55 | C6: spec: artifacts/selected_spec.json, field elo_hfa — rating points credited to the home team before each game
A7: Elo logistic scale | B7: 400 | C7: code: nba_wp/features.py — the standard Elo curve, win chance = 1/(1+10^(−diff/400))
A8: MOV multiplier base | B8: 2.2 | C8: code: nba_wp/features.py, _elo_multiplier — margin-of-victory multiplier = ln(|margin|+1) × 2.2 / denominator
A9: MOV denominator slope | B9: 0.001 | C9: code: nba_wp/features.py, _elo_multiplier — denominator = 0.001×(rating gap) + 2.2, so blowouts by favorites count less
A10: MOV denominator floor | B10: 0.25 | C10: code: nba_wp/features.py, _elo_multiplier — denominator never drops below 0.25 (safety guard)
A11: Bradley-Terry C (inverse L2) | B11: 0.1 | C11: spec: artifacts/selected_spec.json, field bt_c — regularization strength of the Bradley-Terry team-strength fit
A12: trend EWMA half-life (days) | B12: 60 | C12: spec: artifacts/selected_spec.json, field trend_half_life_days — a margin from 45 days ago gets half weight in the EWMA
A13: trend short window (games) | B13: 12 | C13: spec: artifacts/selected_spec.json, field trend_short_games — "recent form" = average margin of the last 10 games
A14: elo model C | B14: 10 | C14: spec: artifacts/selected_spec.json, field elo_model_c — regularization of the Elo logistic base model (100 = light)
A15: rank model C | B15: 0.1 | C15: spec: artifacts/selected_spec.json, field rank_model_c — regularization of the rank base model (0.1 = strong)
... A17: logit clip epsilon | B17: 1e-09 | C17: code: nba_wp/model.py, logit() — probabilities clipped away from 0/1 before taking log-odds
A19: Every formula in this workbook references these cells — nothing re-types a constant. Change K to 20 and watch 1,230 ratings, five fitted models, and all April probabilities re-derive.

Sheet 3_Elo_Chain
A1: SEQUENTIAL ELO CHAIN — one row per game, in the repo's exact order (date, then game_id) | H1: reconciliation vs outputs/engineered_features.csv → | J1: max |elo_diff delta|: | K1: =MAX(N3:N1232)
A2: game_id | B2: date | C2: home | D2: away | E2: margin | F2: R_home pre | G2: R_away pre | H2: elo_diff | I2: exp_home | J2: MOV mult | K2: delta | L2: home_win | M2: elo_diff (repo) | N2: |delta|
A3: ='1_Raw_Games'!A3 | B3: ='1_Raw_Games'!B3 | C3: ='1_Raw_Games'!D3 | D3: ='1_Raw_Games'!C3 | E3: ='1_Raw_Games'!P3 | F3: ='2_Params'!$B$4 | G3: ='2_Params'!$B$4 | H3: =(F3-G3+'2_Params'!$B$6)/'2_Params'!$B$7 | I3: =1/(1+10^(-H3)) | J3: =LN(ABS(E3)+1)*('2_Params'!$B$8/MAX('2_Params'!$B$10,(IF(L3=1,F3-G3,G3-F3))*'2_Params'!$B$9+'2_Params'!$B$8)) | K3: ='2_Params'!$B$5*J3*(L3-I3) | L3: ='1_Raw_Games'!O3 | M3: 0.1375 | N3: =ABS(H3-M3)
A4: ='1_Raw_Games'!A4 | B4: ='1_Raw_Games'!B4 | C4: ='1_Raw_Games'!D4 | D4: ='1_Raw_Games'!C4 | E4: ='1_Raw_Games'!P4 | F4: ='2_Params'!$B$4+SUMPRODUCT(($C$3:C3=C4)*($K$3:K3))-SUMPRODUCT(($D$3:D3=C4)*($K$3:K3)) | G4: ='2_Params'!$B$4+SUMPRODUCT(($C$3:C3=D4)*($K$3:K3))-SUMPRODUCT(($D$3:D3=D4)*($K$3:K3)) | H4: =(F4-G4+'2_Params'!$B$6)/'2_Params'!$B$7 | I4: =1/(1+10^(-H4)) | J4: =LN(ABS(E4)+1)*('2_Params'!$B$8/MAX('2_Params'!$B$10,(IF(L4=1,F4-G4,G4-F4))*'2_Params'!$B$9+'2_Params'!$B$8)) | K4: ='2_Params'!$B$5*J4*(L4-I4) | L4: ='1_Raw_Games'!O4 | M4: 0.1375 | N4: =ABS(H4-M4)
A5: ='1_Raw_Games'!A5 | B5: ='1_Raw_Games'!B5 | C5: ='1_Raw_Games'!D5 | D5: ='1_Raw_Games'!C5 | E5: ='1_Raw_Games'!P5 | F5: ='2_Params'!$B$4+SUMPRODUCT(($C$3:C4=C5)*($K$3:K4))-SUMPRODUCT(($D$3:D4=C5)*($K$3:K4)) | G5: ='2_Params'!$B$4+SUMPRODUCT(($C$3:C4=D5)*($K$3:K4))-SUMPRODUCT(($D$3:D4=D5)*($K$3:K4)) | H5: =(F5-G5+'2_Params'!$B$6)/'2_Params'!$B$7 | I5: =1/(1+10^(-H5)) | J5: =LN(ABS(E5)+1)*('2_Params'!$B$8/MAX('2_Params'!$B$10,(IF(L5=1,F5-G5,G5-F5))*'2_Params'!$B$9+'2_Params'!$B$8)) | K5: ='2_Params'!$B$5*J5*(L5-I5) | L5: ='1_Raw_Games'!O5 | M5: 0.1375 | N5: =ABS(H5-M5)
A6: ='1_Raw_Games'!A6 | B6: ='1_Raw_Games'!B6 | C6: ='1_Raw_Games'!D6 | D6: ='1_Raw_Games'!C6 | E6: ='1_Raw_Games'!P6 | F6: ='2_Params'!$B$4+SUMPRODUCT(($C$3:C5=C6)*($K$3:K5))-SUMPRODUCT(($D$3:D5=C6)*($K$3:K5)) | G6: ='2_Params'!$B$4+SUMPRODUCT(($C$3:C5=D6)*($K$3:K5))-SUMPRODUCT(($D$3:D5=D6)*($K$3:K5)) | H6: =(F6-G6+'2_Params'!$B$6)/'2_Params'!$B$7 | I6: =1/(1+10^(-H6)) | J6: =LN(ABS(E6)+1)*('2_Params'!$B$8/MAX('2_Params'!$B$10,(IF(L6=1,F6-G6,G6-F6))*'2_Params'!$B$9+'2_Params'!$B$8)) | K6: ='2_Params'!$B$5*J6*(L6-I6) | L6: ='1_Raw_Games'!O6 | M6: 0.1375 | N6: =ABS(H6-M6)
A7: ='1_Raw_Games'!A7 | B7: ='1_Raw_Games'!B7 | C7: ='1_Raw_Games'!D7 | D7: ='1_Raw_Games'!C7 | E7: ='1_Raw_Games'!P7 | F7: ='2_Params'!$B$4+SUMPRODUCT(($C$3:C6=C7)*($K$3:K6))-SUMPRODUCT(($D$3:D6=C7)*($K$3:K6)) | G7: ='2_Params'!$B$4+SUMPRODUCT(($C$3:C6=D7)*($K$3:K6))-SUMPRODUCT(($D$3:D6=D7)*($K$3:K6)) | H7: =(F7-G7+'2_Params'!$B$6)/'2_Params'!$B$7 | I7: =1/(1+10^(-H7)) | J7: =LN(ABS(E7)+1)*('2_Params'!$B$8/MAX('2_Params'!$B$10,(IF(L7=1,F7-G7,G7-F7))*'2_Params'!$B$9+'2_Params'!$B$8)) | K7: ='2_Params'!$B$5*J7*(L7-I7) | L7: ='1_Raw_Games'!O7 | M7: 0.1375 | N7: =ABS(H7-M7)
A8: ='1_Raw_Games'!A8 | B8: ='1_Raw_Games'!B8 | C8: ='1_Raw_Games'!D8 | D8: ='1_Raw_Games'!C8 | E8: ='1_Raw_Games'!P8 | F8: ='2_Params'!$B$4+SUMPRODUCT(($C$3:C7=C8)*($K$3:K7))-SUMPRODUCT(($D$3:D7=C8)*($K$3:K7)) | G8: ='2_Params'!$B$4+SUMPRODUCT(($C$3:C7=D8)*($K$3:K7))-SUMPRODUCT(($D$3:D7=D8)*($K$3:K7)) | H8: =(F8-G8+'2_Params'!$B$6)/'2_Params'!$B$7 | I8: =1/(1+10^(-H8)) | J8: =LN(ABS(E8)+1)*('2_Params'!$B$8/MAX('2_Params'!$B$10,(IF(L8=1,F8-G8,G8-F8))*'2_Params'!$B$9+'2_Params'!$B$8)) | K8: ='2_Params'!$B$5*J8*(L8-I8) | L8: ='1_Raw_Games'!O8 | M8: 0.1375 | N8: =ABS(H8-M8)
A9: ='1_Raw_Games'!A9 | B9: ='1_Raw_Games'!B9 | C9: ='1_Raw_Games'!D9 | D9: ='1_Raw_Games'!C9 | E9: ='1_Raw_Games'!P9 | F9: ='2_Params'!$B$4+SUMPRODUCT(($C$3:C8=C9)*($K$3:K8))-SUMPRODUCT(($D$3:D8=C9)*($K$3:K8)) | G9: ='2_Params'!$B$4+SUMPRODUCT(($C$3:C8=D9)*($K$3:K8))-SUMPRODUCT(($D$3:D8=D9)*($K$3:K8)) | H9: =(F9-G9+'2_Params'!$B$6)/'2_Params'!$B$7 | I9: =1/(1+10^(-H9)) | J9: =LN(ABS(E9)+1)*('2_Params'!$B$8/MAX('2_Params'!$B$10,(IF(L9=1,F9-G9,G9-F9))*'2_Params'!$B$9+'2_Params'!$B$8)) | K9: ='2_Params'!$B$5*J9*(L9-I9) | L9: ='1_Raw_Games'!O9 | M9: 0.1375 | N9: =ABS(H9-M9)
A10: ='1_Raw_Games'!A10 | B10: ='1_Raw_Games'!B10 | C10: ='1_Raw_Games'!D10 | D10: ='1_Raw_Games'!C10 | E10: ='1_Raw_Games'!P10 | F10: ='2_Params'!$B$4+SUMPRODUCT(($C$3:C9=C10)*($K$3:K9))-SUMPRODUCT(($D$3:D9=C10)*($K$3:K9)) | G10: ='2_Params'!$B$4+SUMPRODUCT(($C$3:C9=D10)*($K$3:K9))-SUMPRODUCT(($D$3:D9=D10)*($K$3:K9)) | H10: =(F10-G10+'2_Params'!$B$6)/'2_Params'!$B$7 | I10: =1/(1+10^(-H10)) | J10: =LN(ABS(E10)+1)*('2_Params'!$B$8/MAX('2_Params'!$B$10,(IF(L10=1,F10-G10,G10-F10))*'2_Params'!$B$9+'2_Params'!$B$8)) | K10: ='2_Params'!$B$5*J10*(L10-I10) | L10: ='1_Raw_Games'!O10 | M10: 0.1375 | N10: =ABS(H10-M10)
A11: ='1_Raw_Games'!A11 | B11: ='1_Raw_Games'!B11 | C11: ='1_Raw_Games'!D11 | D11: ='1_Raw_Games'!C11 | E11: ='1_Raw_Games'!P11 | F11: ='2_Params'!$B$4+SUMPRODUCT(($C$3:C10=C11)*($K$3:K10))-SUMPRODUCT(($D$3:D10=C11)*($K$3:K10)) | G11: ='2_Params'!$B$4+SUMPRODUCT(($C$3:C10=D11)*($K$3:K10))-SUMPRODUCT(($D$3:D10=D11)*($K$3:K10)) | H11: =(F11-G11+'2_Params'!$B$6)/'2_Params'!$B$7 | I11: =1/(1+10^(-H11)) | J11: =LN(ABS(E11)+1)*('2_Params'!$B$8/MAX('2_Params'!$B$10,(IF(L11=1,F11-G11,G11-F11))*'2_Params'!$B$9+'2_Params'!$B$8)) | K11: ='2_Params'!$B$5*J11*(L11-I11) | L11: ='1_Raw_Games'!O11 | M11: 0.1375 | N11: =ABS(H11-M11)
A12: ='1_Raw_Games'!A12 | B12: ='1_Raw_Games'!B12 | C12: ='1_Raw_Games'!D12 | D12: ='1_Raw_Games'!C12 | E12: ='1_Raw_Games'!P12 | F12: ='2_Params'!$B$4+SUMPRODUCT(($C$3:C11=C12)*($K$3:K11))-SUMPRODUCT(($D$3:D11=C12)*($K$3:K11)) | G12: ='2_Params'!$B$4+SUMPRODUCT(($C$3:C11=D12)*($K$3:K11))-SUMPRODUCT(($D$3:D11=D12)*($K$3:K11)) | H12: =(F12-G12+'2_Params'!$B$6)/'2_Params'!$B$7 | I12: =1/(1+10^(-H12)) | J12: =LN(ABS(E12)+1)*('2_Params'!$B$8/MAX('2_Params'!$B$10,(IF(L12=1,F12-G12,G12-F12))*'2_Params'!$B$9+'2_Params'!$B$8)) | K12: ='2_Params'!$B$5*J12*(L12-I12) | L12: ='1_Raw_Games'!O12 | M12: 0.1375 | N12: =ABS(H12-M12)
A13: ='1_Raw_Games'!A13 | B13: ='1_Raw_Games'!B13 | C13: ='1_Raw_Games'!D13 | D13: ='1_Raw_Games'!C13 | E13: ='1_Raw_Games'!P13 | F13: ='2_Params'!$B$4+SUMPRODUCT(($C$3:C12=C13)*($K$3:K12))-SUMPRODUCT(($D$3:D12=C13)*($K$3:K12)) | G13: ='2_Params'!$B$4+SUMPRODUCT(($C$3:C12=D13)*($K$3:K12))-SUMPRODUCT(($D$3:D12=D13)*($K$3:K12)) | H13: =(F13-G13+'2_Params'!$B$6)/'2_Params'!$B$7 | I13: =1/(1+10^(-H13)) | J13: =LN(ABS(E13)+1)*('2_Params'!$B$8/MAX('2_Params'!$B$10,(IF(L13=1,F13-G13,G13-F13))*'2_Params'!$B$9+'2_Params'!$B$8)) | K13: ='2_Params'!$B$5*J13*(L13-I13) | L13: ='1_Raw_Games'!O13 | M13: 0.1375 | N13: =ABS(H13-M13)
A14: ='1_Raw_Games'!A14 | B14: ='1_Raw_Games'!B14 | C14: ='1_Raw_Games'!D14 | D14: ='1_Raw_Games'!C14 | E14: ='1_Raw_Games'!P14 | F14: ='2_Params'!$B$4+SUMPRODUCT(($C$3:C13=C14)*($K$3:K13))-SUMPRODUCT(($D$3:D13=C14)*($K$3:K13)) | G14: ='2_Params'!$B$4+SUMPRODUCT(($C$3:C13=D14)*($K$3:K13))-SUMPRODUCT(($D$3:D13=D14)*($K$3:K13)) | H14: =(F14-G14+'2_Params'!$B$6)/'2_Params'!$B$7 | I14: =1/(1+10^(-H14)) | J14: =LN(ABS(E14)+1)*('2_Params'!$B$8/MAX('2_Params'!$B$10,(IF(L14=1,F14-G14,G14-F14))*'2_Params'!$B$9+'2_Params'!$B$8)) | K14: ='2_Params'!$B$5*J14*(L14-I14) | L14: ='1_Raw_Games'!O14 | M14: 0.1375 | N14: =ABS(H14-M14)
A15: ='1_Raw_Games'!A15 | B15: ='1_Raw_Games'!B15 | C15: ='1_Raw_Games'!D15 | D15: ='1_Raw_Games'!C15 | E15: ='1_Raw_Games'!P15 | F15: ='2_Params'!$B$4+SUMPRODUCT(($C$3:C14=C15)*($K$3:K14))-SUMPRODUCT(($D$3:D14=C15)*($K$3:K14)) | G15: ='2_Params'!$B$4+SUMPRODUCT(($C$3:C14=D15)*($K$3:K14))-SUMPRODUCT(($D$3:D14=D15)*($K$3:K14)) | H15: =(F15-G15+'2_Params'!$B$6)/'2_Params'!$B$7 | I15: =1/(1+10^(-H15)) | J15: =LN(ABS(E15)+1)*('2_Params'!$B$8/MAX('2_Params'!$B$10,(IF(L15=1,F15-G15,G15-F15))*'2_Params'!$B$9+'2_Params'!$B$8)) | K15: ='2_Params'!$B$5*J15*(L15-I15) | L15: ='1_Raw_Games'!O15 | M15: 0.1375 | N15: =ABS(H15-M15)
... A1232: ='1_Raw_Games'!A1232 | B1232: ='1_Raw_Games'!B1232 | C1232: ='1_Raw_Games'!D1232 | D1232: ='1_Raw_Games'!C1232 | E1232: ='1_Raw_Games'!P1232 | F1232: ='2_Params'!$B$4+SUMPRODUCT(($C$3:C1231=C1232)*($K$3:K1231))-SUMPRODUCT(($D$3:D1231=C1232)*($K$3:K1231)) | G1232: ='2_Params'!$B$4+SUMPRODUCT(($C$3:C1231=D1232)*($K$3:K1231))-SUMPRODUCT(($D$3:D1231=D1232)*($K$3:K1231)) | H1232: =(F1232-G1232+'2_Params'!$B$6)/'2_Params'!$B$7 | I1232: =1/(1+10^(-H1232)) | J1232: =LN(ABS(E1232)+1)*('2_Params'!$B$8/MAX('2_Params'!$B$10,(IF(L1232=1,F1232-G1232,G1232-F1232))*'2_Params'!$B$9+'2_Params'!$B$8)) | K1232: ='2_Params'!$B$5*J1232*(L1232-I1232) | L1232: ='1_Raw_Games'!O1232 | M1232: 0.56446729 | N1232: =ABS(H1232-M1232)

Sheet 4_Seq_Features
A1: SEASON FEATURE TABLE (sequential policy) — fitting substrate for sheets 7–9
A2: game_id | B2: date | C2: home | D2: away | E2: home_win | F2: elo_diff | G2: bt_logit | H2: trend_diff | I2: window
A3: ='1_Raw_Games'!A3 | B3: ='1_Raw_Games'!B3 | C3: ='1_Raw_Games'!D3 | D3: ='1_Raw_Games'!C3 | E3: ='1_Raw_Games'!O3 | F3: ='3_Elo_Chain'!H3 | G3: 0 | H3: 0 | I3: train
A4: ='1_Raw_Games'!A4 | B4: ='1_Raw_Games'!B4 | C4: ='1_Raw_Games'!D4 | D4: ='1_Raw_Games'!C4 | E4: ='1_Raw_Games'!O4 | F4: ='3_Elo_Chain'!H4 | G4: 0 | H4: 0 | I4: train
A5: ='1_Raw_Games'!A5 | B5: ='1_Raw_Games'!B5 | C5: ='1_Raw_Games'!D5 | D5: ='1_Raw_Games'!C5 | E5: ='1_Raw_Games'!O5 | F5: ='3_Elo_Chain'!H5 | G5: 0 | H5: 0 | I5: train
A6: ='1_Raw_Games'!A6 | B6: ='1_Raw_Games'!B6 | C6: ='1_Raw_Games'!D6 | D6: ='1_Raw_Games'!C6 | E6: ='1_Raw_Games'!O6 | F6: ='3_Elo_Chain'!H6 | G6: 0 | H6: 0 | I6: train
A7: ='1_Raw_Games'!A7 | B7: ='1_Raw_Games'!B7 | C7: ='1_Raw_Games'!D7 | D7: ='1_Raw_Games'!C7 | E7: ='1_Raw_Games'!O7 | F7: ='3_Elo_Chain'!H7 | G7: 0 | H7: 0 | I7: train
A8: ='1_Raw_Games'!A8 | B8: ='1_Raw_Games'!B8 | C8: ='1_Raw_Games'!D8 | D8: ='1_Raw_Games'!C8 | E8: ='1_Raw_Games'!O8 | F8: ='3_Elo_Chain'!H8 | G8: 0 | H8: 0 | I8: train
A9: ='1_Raw_Games'!A9 | B9: ='1_Raw_Games'!B9 | C9: ='1_Raw_Games'!D9 | D9: ='1_Raw_Games'!C9 | E9: ='1_Raw_Games'!O9 | F9: ='3_Elo_Chain'!H9 | G9: 0 | H9: 0 | I9: train
A10: ='1_Raw_Games'!A10 | B10: ='1_Raw_Games'!B10 | C10: ='1_Raw_Games'!D10 | D10: ='1_Raw_Games'!C10 | E10: ='1_Raw_Games'!O10 | F10: ='3_Elo_Chain'!H10 | G10: 0 | H10: 0 | I10: train
A11: ='1_Raw_Games'!A11 | B11: ='1_Raw_Games'!B11 | C11: ='1_Raw_Games'!D11 | D11: ='1_Raw_Games'!C11 | E11: ='1_Raw_Games'!O11 | F11: ='3_Elo_Chain'!H11 | G11: 0 | H11: 0 | I11: train
A12: ='1_Raw_Games'!A12 | B12: ='1_Raw_Games'!B12 | C12: ='1_Raw_Games'!D12 | D12: ='1_Raw_Games'!C12 | E12: ='1_Raw_Games'!O12 | F12: ='3_Elo_Chain'!H12 | G12: 0 | H12: 0 | I12: train
A13: ='1_Raw_Games'!A13 | B13: ='1_Raw_Games'!B13 | C13: ='1_Raw_Games'!D13 | D13: ='1_Raw_Games'!C13 | E13: ='1_Raw_Games'!O13 | F13: ='3_Elo_Chain'!H13 | G13: 0 | H13: 0 | I13: train
A14: ='1_Raw_Games'!A14 | B14: ='1_Raw_Games'!B14 | C14: ='1_Raw_Games'!D14 | D14: ='1_Raw_Games'!C14 | E14: ='1_Raw_Games'!O14 | F14: ='3_Elo_Chain'!H14 | G14: 0 | H14: 0 | I14: train
... A1232: ='1_Raw_Games'!A1232 | B1232: ='1_Raw_Games'!B1232 | C1232: ='1_Raw_Games'!D1232 | D1232: ='1_Raw_Games'!C1232 | E1232: ='1_Raw_Games'!O1232 | F1232: ='3_Elo_Chain'!H1232 | G1232: 0.89110611 | H1232: 10.027697 | I1232: april

Sheet 5_BT_Frozen
A1: BRADLEY-TERRY, FROZEN AT MARCH 31 — the single fit that prices April (features.py _fit_bradley_terry)
A2: Model: P(home win) = sigmoid(s_home − s_away + b0), coefficients minimizing 0.5·Σs² + C·Σ ln(1+e^(−y·f)) with C = 0.15, y = ±1 (sklearn LogisticRegression parameterization, intercept unpenalized).
A3: Coefficients below were produced by this exact optimization (reproduce live: Data → Solver → minimize objective cell N4 by changing L6:L36, GRG Nonlinear). The gradient block proves optimality on-sheet: all 31 partials ~ 0. | K3: penalized objective (Solver target):
K4: value → minimize by changing L6:L36: | N4: =0.5*SUMPRODUCT($L$6:$L$35,$L$6:$L$35)+SUM($I$6:$I$1139)
A5: game_id | B5: date | C5: home | D5: away | E5: home_win | F5: s_home | G5: s_away | H5: f = sh−sa+b0 | I5: C·ln(1+e^−yf) | K5: team | L5: strength s | M5: ∂obj/∂s (≈0) | N5: check
A6: ='1_Raw_Games'!A3 | B6: ='1_Raw_Games'!B3 | C6: ='1_Raw_Games'!D3 | D6: ='1_Raw_Games'!C3 | E6: ='1_Raw_Games'!O3 | F6: =INDEX($L$6:$L$35,MATCH(C6,$K$6:$K$35,0)) | G6: =INDEX($L$6:$L$35,MATCH(D6,$K$6:$K$35,0)) | H6: =F6-G6+$L$36 | I6: ='2_Params'!$B$11*LN(1+EXP(-(2*E6-1)*H6)) | K6: ATL | L6: 0.19265095 | M6: =L6+'2_Params'!$B$11*(SUMPRODUCT(($C$6:$C$1139=K6)*(1/(1+EXP(-$H$6:$H$1139))-$E$6:$E$1139))-SUMPRODUCT(($D$6:$D$1139=K6)*(1/(1+EXP(-$H$6:$H$1139))-$E$6:$E$1139))) | N6: =IF(ABS(M6)<0.000001,"OK","!!")
A7: ='1_Raw_Games'!A4 | B7: ='1_Raw_Games'!B4 | C7: ='1_Raw_Games'!D4 | D7: ='1_Raw_Games'!C4 | E7: ='1_Raw_Games'!O4 | F7: =INDEX($L$6:$L$35,MATCH(C7,$K$6:$K$35,0)) | G7: =INDEX($L$6:$L$35,MATCH(D7,$K$6:$K$35,0)) | H7: =F7-G7+$L$36 | I7: ='2_Params'!$B$11*LN(1+EXP(-(2*E7-1)*H7)) | K7: BKN | L7: -0.80292006 | M7: =L7+'2_Params'!$B$11*(SUMPRODUCT(($C$6:$C$1139=K7)*(1/(1+EXP(-$H$6:$H$1139))-$E$6:$E$1139))-SUMPRODUCT(($D$6:$D$1139=K7)*(1/(1+EXP(-$H$6:$H$1139))-$E$6:$E$1139))) | N7: =IF(ABS(M7)<0.000001,"OK","!!")
A8: ='1_Raw_Games'!A5 | B8: ='1_Raw_Games'!B5 | C8: ='1_Raw_Games'!D5 | D8: ='1_Raw_Games'!C5 | E8: ='1_Raw_Games'!O5 | F8: =INDEX($L$6:$L$35,MATCH(C8,$K$6:$K$35,0)) | G8: =INDEX($L$6:$L$35,MATCH(D8,$K$6:$K$35,0)) | H8: =F8-G8+$L$36 | I8: ='2_Params'!$B$11*LN(1+EXP(-(2*E8-1)*H8)) | K8: BOS | L8: 0.50921616 | M8: =L8+'2_Params'!$B$11*(SUMPRODUCT(($C$6:$C$1139=K8)*(1/(1+EXP(-$H$6:$H$1139))-$E$6:$E$1139))-SUMPRODUCT(($D$6:$D$1139=K8)*(1/(1+EXP(-$H$6:$H$1139))-$E$6:$E$1139))) | N8: =IF(ABS(M8)<0.000001,"OK","!!")
A9: ='1_Raw_Games'!A6 | B9: ='1_Raw_Games'!B6 | C9: ='1_Raw_Games'!D6 | D9: ='1_Raw_Games'!C6 | E9: ='1_Raw_Games'!O6 | F9: =INDEX($L$6:$L$35,MATCH(C9,$K$6:$K$35,0)) | G9: =INDEX($L$6:$L$35,MATCH(D9,$K$6:$K$35,0)) | H9: =F9-G9+$L$36 | I9: ='2_Params'!$B$11*LN(1+EXP(-(2*E9-1)*H9)) | K9: CHA | L9: 0.055573458 | M9: =L9+'2_Params'!$B$11*(SUMPRODUCT(($C$6:$C$1139=K9)*(1/(1+EXP(-$H$6:$H$1139))-$E$6:$E$1139))-SUMPRODUCT(($D$6:$D$1139=K9)*(1/(1+EXP(-$H$6:$H$1139))-$E$6:$E$1139))) | N9: =IF(ABS(M9)<0.000001,"OK","!!")
A10: ='1_Raw_Games'!A7 | B10: ='1_Raw_Games'!B7 | C10: ='1_Raw_Games'!D7 | D10: ='1_Raw_Games'!C7 | E10: ='1_Raw_Games'!O7 | F10: =INDEX($L$6:$L$35,MATCH(C10,$K$6:$K$35,0)) | G10: =INDEX($L$6:$L$35,MATCH(D10,$K$6:$K$35,0)) | H10: =F10-G10+$L$36 | I10: ='2_Params'!$B$11*LN(1+EXP(-(2*E10-1)*H10)) | K10: CHI | L10: -0.33272647 | M10: =L10+'2_Params'!$B$11*(SUMPRODUCT(($C$6:$C$1139=K10)*(1/(1+EXP(-$H$6:$H$1139))-$E$6:$E$1139))-SUMPRODUCT(($D$6:$D$1139=K10)*(1/(1+EXP(-$H$6:$H$1139))-$E$6:$E$1139))) | N10: =IF(ABS(M10)<0.000001,"OK","!!")
A11: ='1_Raw_Games'!A8 | B11: ='1_Raw_Games'!B8 | C11: ='1_Raw_Games'!D8 | D11: ='1_Raw_Games'!C8 | E11: ='1_Raw_Games'!O8 | F11: =INDEX($L$6:$L$35,MATCH(C11,$K$6:$K$35,0)) | G11: =INDEX($L$6:$L$35,MATCH(D11,$K$6:$K$35,0)) | H11: =F11-G11+$L$36 | I11: ='2_Params'!$B$11*LN(1+EXP(-(2*E11-1)*H11)) | K11: CLE | L11: 0.36426551 | M11: =L11+'2_Params'!$B$11*(SUMPRODUCT(($C$6:$C$1139=K11)*(1/(1+EXP(-$H$6:$H$1139))-$E$6:$E$1139))-SUMPRODUCT(($D$6:$D$1139=K11)*(1/(1+EXP(-$H$6:$H$1139))-$E$6:$E$1139))) | N11: =IF(ABS(M11)<0.000001,"OK","!!")
A12: ='1_Raw_Games'!A9 | B12: ='1_Raw_Games'!B9 | C12: ='1_Raw_Games'!D9 | D12: ='1_Raw_Games'!C9 | E12: ='1_Raw_Games'!O9 | F12: =INDEX($L$6:$L$35,MATCH(C12,$K$6:$K$35,0)) | G12: =INDEX($L$6:$L$35,MATCH(D12,$K$6:$K$35,0)) | H12: =F12-G12+$L$36 | I12: ='2_Params'!$B$11*LN(1+EXP(-(2*E12-1)*H12)) | K12: DAL | L12: -0.57580223 | M12: =L12+'2_Params'!$B$11*(SUMPRODUCT(($C$6:$C$1139=K12)*(1/(1+EXP(-$H$6:$H$1139))-$E$6:$E$1139))-SUMPRODUCT(($D$6:$D$1139=K12)*(1/(1+EXP(-$H$6:$H$1139))-$E$6:$E$1139))) | N12: =IF(ABS(M12)<0.000001,"OK","!!")
A13: ='1_Raw_Games'!A10 | B13: ='1_Raw_Games'!B10 | C13: ='1_Raw_Games'!D10 | D13: ='1_Raw_Games'!C10 | E13: ='1_Raw_Games'!O10 | F13: =INDEX($L$6:$L$35,MATCH(C13,$K$6:$K$35,0)) | G13: =INDEX($L$6:$L$35,MATCH(D13,$K$6:$K$35,0)) | H13: =F13-G13+$L$36 | I13: ='2_Params'!$B$11*LN(1+EXP(-(2*E13-1)*H13)) | K13: DEN | L13: 0.39731121 | M13: =L13+'2_Params'!$B$11*(SUMPRODUCT(($C$6:$C$1139=K13)*(1/(1+EXP(-$H$6:$H$1139))-$E$6:$E$1139))-SUMPRODUCT(($D$6:$D$1139=K13)*(1/(1+EXP(-$H$6:$H$1139))-$E$6:$E$1139))) | N13: =IF(ABS(M13)<0.000001,"OK","!!")
A14: ='1_Raw_Games'!A11 | B14: ='1_Raw_Games'!B11 | C14: ='1_Raw_Games'!D11 | D14: ='1_Raw_Games'!C11 | E14: ='1_Raw_Games'!O11 | F14: =INDEX($L$6:$L$35,MATCH(C14,$K$6:$K$35,0)) | G14: =INDEX($L$6:$L$35,MATCH(D14,$K$6:$K$35,0)) | H14: =F14-G14+$L$36 | I14: ='2_Params'!$B$11*LN(1+EXP(-(2*E14-1)*H14)) | K14: DET | L14: 0.67645918 | M14: =L14+'2_Params'!$B$11*(SUMPRODUCT(($C$6:$C$1139=K14)*(1/(1+EXP(-$H$6:$H$1139))-$E$6:$E$1139))-SUMPRODUCT(($D$6:$D$1139=K14)*(1/(1+EXP(-$H$6:$H$1139))-$E$6:$E$1139))) | N14: =IF(ABS(M14)<0.000001,"OK","!!")
A15: ='1_Raw_Games'!A12 | B15: ='1_Raw_Games'!B12 | C15: ='1_Raw_Games'!D12 | D15: ='1_Raw_Games'!C12 | E15: ='1_Raw_Games'!O12 | F15: =INDEX($L$6:$L$35,MATCH(C15,$K$6:$K$35,0)) | G15: =INDEX($L$6:$L$35,MATCH(D15,$K$6:$K$35,0)) | H15: =F15-G15+$L$36 | I15: ='2_Params'!$B$11*LN(1+EXP(-(2*E15-1)*H15)) | K15: GSW | L15: -0.037414766 | M15: =L15+'2_Params'!$B$11*(SUMPRODUCT(($C$6:$C$1139=K15)*(1/(1+EXP(-$H$6:$H$1139))-$E$6:$E$1139))-SUMPRODUCT(($D$6:$D$1139=K15)*(1/(1+EXP(-$H$6:$H$1139))-$E$6:$E$1139))) | N15: =IF(ABS(M15)<0.000001,"OK","!!")
A16: ='1_Raw_Games'!A13 | B16: ='1_Raw_Games'!B13 | C16: ='1_Raw_Games'!D13 | D16: ='1_Raw_Games'!C13 | E16: ='1_Raw_Games'!O13 | F16: =INDEX($L$6:$L$35,MATCH(C16,$K$6:$K$35,0)) | G16: =INDEX($L$6:$L$35,MATCH(D16,$K$6:$K$35,0)) | H16: =F16-G16+$L$36 | I16: ='2_Params'!$B$11*LN(1+EXP(-(2*E16-1)*H16)) | K16: HOU | L16: 0.35019214 | M16: =L16+'2_Params'!$B$11*(SUMPRODUCT(($C$6:$C$1139=K16)*(1/(1+EXP(-$H$6:$H$1139))-$E$6:$E$1139))-SUMPRODUCT(($D$6:$D$1139=K16)*(1/(1+EXP(-$H$6:$H$1139))-$E$6:$E$1139))) | N16: =IF(ABS(M16)<0.000001,"OK","!!")
A17: ='1_Raw_Games'!A14 | B17: ='1_Raw_Games'!B14 | C17: ='1_Raw_Games'!D14 | D17: ='1_Raw_Games'!C14 | E17: ='1_Raw_Games'!O14 | F17: =INDEX($L$6:$L$35,MATCH(C17,$K$6:$K$35,0)) | G17: =INDEX($L$6:$L$35,MATCH(D17,$K$6:$K$35,0)) | H17: =F17-G17+$L$36 | I17: ='2_Params'!$B$11*LN(1+EXP(-(2*E17-1)*H17)) | K17: IND | L17: -0.8562387 | M17: =L17+'2_Params'!$B$11*(SUMPRODUCT(($C$6:$C$1139=K17)*(1/(1+EXP(-$H$6:$H$1139))-$E$6:$E$1139))-SUMPRODUCT(($D$6:$D$1139=K17)*(1/(1+EXP(-$H$6:$H$1139))-$E$6:$E$1139))) | N17: =IF(ABS(M17)<0.000001,"OK","!!")
... A35: ='1_Raw_Games'!A32 | B35: ='1_Raw_Games'!B32 | C35: ='1_Raw_Games'!D32 | D35: ='1_Raw_Games'!C32 | E35: ='1_Raw_Games'!O32 | F35: =INDEX($L$6:$L$35,MATCH(C35,$K$6:$K$35,0)) | G35: =INDEX($L$6:$L$35,MATCH(D35,$K$6:$K$35,0)) | H35: =F35-G35+$L$36 | I35: ='2_Params'!$B$11*LN(1+EXP(-(2*E35-1)*H35)) | K35: WAS | L35: -0.85233857 | M35: =L35+'2_Params'!$B$11*(SUMPRODUCT(($C$6:$C$1139=K35)*(1/(1+EXP(-$H$6:$H$1139))-$E$6:$E$1139))-SUMPRODUCT(($D$6:$D$1139=K35)*(1/(1+EXP(-$H$6:$H$1139))-$E$6:$E$1139))) | N35: =IF(ABS(M35)<0.000001,"OK","!!")
A36: ='1_Raw_Games'!A33 | B36: ='1_Raw_Games'!B33 | C36: ='1_Raw_Games'!D33 | D36: ='1_Raw_Games'!C33 | E36: ='1_Raw_Games'!O33 | F36: =INDEX($L$6:$L$35,MATCH(C36,$K$6:$K$35,0)) | G36: =INDEX($L$6:$L$35,MATCH(D36,$K$6:$K$35,0)) | H36: =F36-G36+$L$36 | I36: ='2_Params'!$B$11*LN(1+EXP(-(2*E36-1)*H36)) | K36: (intercept b0) | L36: 0.23377294 | M36: ='2_Params'!$B$11*SUMPRODUCT(1/(1+EXP(-$H$6:$H$1139))-$E$6:$E$1139) | N36: =IF(ABS(M36)<0.000001,"OK","!!")
A37: ='1_Raw_Games'!A34 | B37: ='1_Raw_Games'!B34 | C37: ='1_Raw_Games'!D34 | D37: ='1_Raw_Games'!C34 | E37: ='1_Raw_Games'!O34 | F37: =INDEX($L$6:$L$35,MATCH(C37,$K$6:$K$35,0)) | G37: =INDEX($L$6:$L$35,MATCH(D37,$K$6:$K$35,0)) | H37: =F37-G37+$L$36 | I37: ='2_Params'!$B$11*LN(1+EXP(-(2*E37-1)*H37))
A38: ='1_Raw_Games'!A35 | B38: ='1_Raw_Games'!B35 | C38: ='1_Raw_Games'!D35 | D38: ='1_Raw_Games'!C35 | E38: ='1_Raw_Games'!O35 | F38: =INDEX($L$6:$L$35,MATCH(C38,$K$6:$K$35,0)) | G38: =INDEX($L$6:$L$35,MATCH(D38,$K$6:$K$35,0)) | H38: =F38-G38+$L$36 | I38: ='2_Params'!$B$11*LN(1+EXP(-(2*E38-1)*H38)) | K38: max |gradient|: | L38: =MAX(ABS(M6),MAX(M6:M36),-MIN(M6:M36))
A39: ='1_Raw_Games'!A36 | B39: ='1_Raw_Games'!B36 | C39: ='1_Raw_Games'!D36 | D39: ='1_Raw_Games'!C36 | E39: ='1_Raw_Games'!O36 | F39: =INDEX($L$6:$L$35,MATCH(C39,$K$6:$K$35,0)) | G39: =INDEX($L$6:$L$35,MATCH(D39,$K$6:$K$35,0)) | H39: =F39-G39+$L$36 | I39: ='2_Params'!$B$11*LN(1+EXP(-(2*E39-1)*H39)) | K39: A zero gradient of a strictly convex objective identifies the unique global optimum — these strengths are proven, not pasted.
A40: ='1_Raw_Games'!A37 | B40: ='1_Raw_Games'!B37 | C40: ='1_Raw_Games'!D37 | D40: ='1_Raw_Games'!C37 | E40: ='1_Raw_Games'!O37 | F40: =INDEX($L$6:$L$35,MATCH(C40,$K$6:$K$35,0)) | G40: =INDEX($L$6:$L$35,MATCH(D40,$K$6:$K$35,0)) | H40: =F40-G40+$L$36 | I40: ='2_Params'!$B$11*LN(1+EXP(-(2*E40-1)*H40))
A41: ='1_Raw_Games'!A38 | B41: ='1_Raw_Games'!B38 | C41: ='1_Raw_Games'!D38 | D41: ='1_Raw_Games'!C38 | E41: ='1_Raw_Games'!O38 | F41: =INDEX($L$6:$L$35,MATCH(C41,$K$6:$K$35,0)) | G41: =INDEX($L$6:$L$35,MATCH(D41,$K$6:$K$35,0)) | H41: =F41-G41+$L$36 | I41: ='2_Params'!$B$11*LN(1+EXP(-(2*E41-1)*H41))
A42: ='1_Raw_Games'!A39 | B42: ='1_Raw_Games'!B39 | C42: ='1_Raw_Games'!D39 | D42: ='1_Raw_Games'!C39 | E42: ='1_Raw_Games'!O39 | F42: =INDEX($L$6:$L$35,MATCH(C42,$K$6:$K$35,0)) | G42: =INDEX($L$6:$L$35,MATCH(D42,$K$6:$K$35,0)) | H42: =F42-G42+$L$36 | I42: ='2_Params'!$B$11*LN(1+EXP(-(2*E42-1)*H42))
A43: ='1_Raw_Games'!A40 | B43: ='1_Raw_Games'!B40 | C43: ='1_Raw_Games'!D40 | D43: ='1_Raw_Games'!C40 | E43: ='1_Raw_Games'!O40 | F43: =INDEX($L$6:$L$35,MATCH(C43,$K$6:$K$35,0)) | G43: =INDEX($L$6:$L$35,MATCH(D43,$K$6:$K$35,0)) | H43: =F43-G43+$L$36 | I43: ='2_Params'!$B$11*LN(1+EXP(-(2*E43-1)*H43))
A44: ='1_Raw_Games'!A41 | B44: ='1_Raw_Games'!B41 | C44: ='1_Raw_Games'!D41 | D44: ='1_Raw_Games'!C41 | E44: ='1_Raw_Games'!O41 | F44: =INDEX($L$6:$L$35,MATCH(C44,$K$6:$K$35,0)) | G44: =INDEX($L$6:$L$35,MATCH(D44,$K$6:$K$35,0)) | H44: =F44-G44+$L$36 | I44: ='2_Params'!$B$11*LN(1+EXP(-(2*E44-1)*H44))
A45: ='1_Raw_Games'!A42 | B45: ='1_Raw_Games'!B42 | C45: ='1_Raw_Games'!D42 | D45: ='1_Raw_Games'!C42 | E45: ='1_Raw_Games'!O42 | F45: =INDEX($L$6:$L$35,MATCH(C45,$K$6:$K$35,0)) | G45: =INDEX($L$6:$L$35,MATCH(D45,$K$6:$K$35,0)) | H45: =F45-G45+$L$36 | I45: ='2_Params'!$B$11*LN(1+EXP(-(2*E45-1)*H45))
A46: ='1_Raw_Games'!A43 | B46: ='1_Raw_Games'!B43 | C46: ='1_Raw_Games'!D43 | D46: ='1_Raw_Games'!C43 | E46: ='1_Raw_Games'!O43 | F46: =INDEX($L$6:$L$35,MATCH(C46,$K$6:$K$35,0)) | G46: =INDEX($L$6:$L$35,MATCH(D46,$K$6:$K$35,0)) | H46: =F46-G46+$L$36 | I46: ='2_Params'!$B$11*LN(1+EXP(-(2*E46-1)*H46))
A47: ='1_Raw_Games'!A44 | B47: ='1_Raw_Games'!B44 | C47: ='1_Raw_Games'!D44 | D47: ='1_Raw_Games'!C44 | E47: ='1_Raw_Games'!O44 | F47: =INDEX($L$6:$L$35,MATCH(C47,$K$6:$K$35,0)) | G47: =INDEX($L$6:$L$35,MATCH(D47,$K$6:$K$35,0)) | H47: =F47-G47+$L$36 | I47: ='2_Params'!$B$11*LN(1+EXP(-(2*E47-1)*H47))
A48: ='1_Raw_Games'!A45 | B48: ='1_Raw_Games'!B45 | C48: ='1_Raw_Games'!D45 | D48: ='1_Raw_Games'!C45 | E48: ='1_Raw_Games'!O45 | F48: =INDEX($L$6:$L$35,MATCH(C48,$K$6:$K$35,0)) | G48: =INDEX($L$6:$L$35,MATCH(D48,$K$6:$K$35,0)) | H48: =F48-G48+$L$36 | I48: ='2_Params'!$B$11*LN(1+EXP(-(2*E48-1)*H48))
A49: ='1_Raw_Games'!A46 | B49: ='1_Raw_Games'!B46 | C49: ='1_Raw_Games'!D46 | D49: ='1_Raw_Games'!C46 | E49: ='1_Raw_Games'!O46 | F49: =INDEX($L$6:$L$35,MATCH(C49,$K$6:$K$35,0)) | G49: =INDEX($L$6:$L$35,MATCH(D49,$K$6:$K$35,0)) | H49: =F49-G49+$L$36 | I49: ='2_Params'!$B$11*LN(1+EXP(-(2*E49-1)*H49))
A50: ='1_Raw_Games'!A47 | B50: ='1_Raw_Games'!B47 | C50: ='1_Raw_Games'!D47 | D50: ='1_Raw_Games'!C47 | E50: ='1_Raw_Games'!O47 | F50: =INDEX($L$6:$L$35,MATCH(C50,$K$6:$K$35,0)) | G50: =INDEX($L$6:$L$35,MATCH(D50,$K$6:$K$35,0)) | H50: =F50-G50+$L$36 | I50: ='2_Params'!$B$11*LN(1+EXP(-(2*E50-1)*H50))
A51: ='1_Raw_Games'!A48 | B51: ='1_Raw_Games'!B48 | C51: ='1_Raw_Games'!D48 | D51: ='1_Raw_Games'!C48 | E51: ='1_Raw_Games'!O48 | F51: =INDEX($L$6:$L$35,MATCH(C51,$K$6:$K$35,0)) | G51: =INDEX($L$6:$L$35,MATCH(D51,$K$6:$K$35,0)) | H51: =F51-G51+$L$36 | I51: ='2_Params'!$B$11*LN(1+EXP(-(2*E51-1)*H51))
... A1139: ='1_Raw_Games'!A1136 | B1139: ='1_Raw_Games'!B1136 | C1139: ='1_Raw_Games'!D1136 | D1139: ='1_Raw_Games'!C1136 | E1139: ='1_Raw_Games'!O1136 | F1139: =INDEX($L$6:$L$35,MATCH(C1139,$K$6:$K$35,0)) | G1139: =INDEX($L$6:$L$35,MATCH(D1139,$K$6:$K$35,0)) | H1139: =F1139-G1139+$L$36 | I1139: ='2_Params'!$B$11*LN(1+EXP(-(2*E1139-1)*H1139))

Sheet 6_Trend_Frozen
A1: TREND, FROZEN AT MARCH 31 — trend = mean(last 10 margins) − EWMA(all margins, half-life 45 days) | G1: APRIL TREND FEATURE (96 games) — reconciled vs outputs/april_predictions_frozen_snapshot.csv
A2: History: every pre-April game twice (home and away perspective). recency_rank = games played after this one; last-10 flag = rank < 10. April lookups on the right use SUMPRODUCT over this table.
A3: team | B3: date | C3: margin | D3: recency rank | E3: in last 10 | G3: game_id | H3: date | I3: home | J3: away | K3: trend_home | L3: trend_away | M3: trend_diff | N3: repo trend_diff | O3: |delta|
A4: ='1_Raw_Games'!D3 | B4: ='1_Raw_Games'!B3 | C4: ='1_Raw_Games'!P3 | D4: =COUNTIFS($A$4:$A$2271,A4,$B$4:$B$2271,">"&B4) | E4: =IF(D4<'2_Params'!$B$13,1,0) | G4: ='1_Raw_Games'!A1137 | H4: ='1_Raw_Games'!B1137 | I4: ='1_Raw_Games'!D1137 | J4: ='1_Raw_Games'!C1137 | K4: =SUMPRODUCT(($A$4:$A$2271=I4)*$E$4:$E$2271*$C$4:$C$2271)/SUMPRODUCT(($A$4:$A$2271=I4)*$E$4:$E$2271)-SUMPRODUCT(($A$4:$A$2271=I4)*0.5^((H4-$B$4:$B$2271)/'2_Params'!$B$12)*$C$4:$C$2271)/SUMPRODUCT(($A$4:$A$2271=I4)*0.5^((H4-$B$4:$B$2271)/'2_Params'!$B$12)) | L4: =SUMPRODUCT(($A$4:$A$2271=J4)*$E$4:$E$2271*$C$4:$C$2271)/SUMPRODUCT(($A$4:$A$2271=J4)*$E$4:$E$2271)-SUMPRODUCT(($A$4:$A$2271=J4)*0.5^((H4-$B$4:$B$2271)/'2_Params'!$B$12)*$C$4:$C$2271)/SUMPRODUCT(($A$4:$A$2271=J4)*0.5^((H4-$B$4:$B$2271)/'2_Params'!$B$12)) | M4: =K4-L4 | N4: -8.3658095 | O4: =ABS(M4-N4)
A5: ='1_Raw_Games'!D4 | B5: ='1_Raw_Games'!B4 | C5: ='1_Raw_Games'!P4 | D5: =COUNTIFS($A$4:$A$2271,A5,$B$4:$B$2271,">"&B5) | E5: =IF(D5<'2_Params'!$B$13,1,0) | G5: ='1_Raw_Games'!A1138 | H5: ='1_Raw_Games'!B1138 | I5: ='1_Raw_Games'!D1138 | J5: ='1_Raw_Games'!C1138 | K5: =SUMPRODUCT(($A$4:$A$2271=I5)*$E$4:$E$2271*$C$4:$C$2271)/SUMPRODUCT(($A$4:$A$2271=I5)*$E$4:$E$2271)-SUMPRODUCT(($A$4:$A$2271=I5)*0.5^((H5-$B$4:$B$2271)/'2_Params'!$B$12)*$C$4:$C$2271)/SUMPRODUCT(($A$4:$A$2271=I5)*0.5^((H5-$B$4:$B$2271)/'2_Params'!$B$12)) | L5: =SUMPRODUCT(($A$4:$A$2271=J5)*$E$4:$E$2271*$C$4:$C$2271)/SUMPRODUCT(($A$4:$A$2271=J5)*$E$4:$E$2271)-SUMPRODUCT(($A$4:$A$2271=J5)*0.5^((H5-$B$4:$B$2271)/'2_Params'!$B$12)*$C$4:$C$2271)/SUMPRODUCT(($A$4:$A$2271=J5)*0.5^((H5-$B$4:$B$2271)/'2_Params'!$B$12)) | M5: =K5-L5 | N5: -2.6365459 | O5: =ABS(M5-N5)
A6: ='1_Raw_Games'!D5 | B6: ='1_Raw_Games'!B5 | C6: ='1_Raw_Games'!P5 | D6: =COUNTIFS($A$4:$A$2271,A6,$B$4:$B$2271,">"&B6) | E6: =IF(D6<'2_Params'!$B$13,1,0) | G6: ='1_Raw_Games'!A1139 | H6: ='1_Raw_Games'!B1139 | I6: ='1_Raw_Games'!D1139 | J6: ='1_Raw_Games'!C1139 | K6: =SUMPRODUCT(($A$4:$A$2271=I6)*$E$4:$E$2271*$C$4:$C$2271)/SUMPRODUCT(($A$4:$A$2271=I6)*$E$4:$E$2271)-SUMPRODUCT(($A$4:$A$2271=I6)*0.5^((H6-$B$4:$B$2271)/'2_Params'!$B$12)*$C$4:$C$2271)/SUMPRODUCT(($A$4:$A$2271=I6)*0.5^((H6-$B$4:$B$2271)/'2_Params'!$B$12)) | L6: =SUMPRODUCT(($A$4:$A$2271=J6)*$E$4:$E$2271*$C$4:$C$2271)/SUMPRODUCT(($A$4:$A$2271=J6)*$E$4:$E$2271)-SUMPRODUCT(($A$4:$A$2271=J6)*0.5^((H6-$B$4:$B$2271)/'2_Params'!$B$12)*$C$4:$C$2271)/SUMPRODUCT(($A$4:$A$2271=J6)*0.5^((H6-$B$4:$B$2271)/'2_Params'!$B$12)) | M6: =K6-L6 | N6: -7.2191736 | O6: =ABS(M6-N6)
A7: ='1_Raw_Games'!D6 | B7: ='1_Raw_Games'!B6 | C7: ='1_Raw_Games'!P6 | D7: =COUNTIFS($A$4:$A$2271,A7,$B$4:$B$2271,">"&B7) | E7: =IF(D7<'2_Params'!$B$13,1,0) | G7: ='1_Raw_Games'!A1140 | H7: ='1_Raw_Games'!B1140 | I7: ='1_Raw_Games'!D1140 | J7: ='1_Raw_Games'!C1140 | K7: =SUMPRODUCT(($A$4:$A$2271=I7)*$E$4:$E$2271*$C$4:$C$2271)/SUMPRODUCT(($A$4:$A$2271=I7)*$E$4:$E$2271)-SUMPRODUCT(($A$4:$A$2271=I7)*0.5^((H7-$B$4:$B$2271)/'2_Params'!$B$12)*$C$4:$C$2271)/SUMPRODUCT(($A$4:$A$2271=I7)*0.5^((H7-$B$4:$B$2271)/'2_Params'!$B$12)) | L7: =SUMPRODUCT(($A$4:$A$2271=J7)*$E$4:$E$2271*$C$4:$C$2271)/SUMPRODUCT(($A$4:$A$2271=J7)*$E$4:$E$2271)-SUMPRODUCT(($A$4:$A$2271=J7)*0.5^((H7-$B$4:$B$2271)/'2_Params'!$B$12)*$C$4:$C$2271)/SUMPRODUCT(($A$4:$A$2271=J7)*0.5^((H7-$B$4:$B$2271)/'2_Params'!$B$12)) | M7: =K7-L7 | N7: -12.399238 | O7: =ABS(M7-N7)
A8: ='1_Raw_Games'!D7 | B8: ='1_Raw_Games'!B7 | C8: ='1_Raw_Games'!P7 | D8: =COUNTIFS($A$4:$A$2271,A8,$B$4:$B$2271,">"&B8) | E8: =IF(D8<'2_Params'!$B$13,1,0) | G8: ='1_Raw_Games'!A1141 | H8: ='1_Raw_Games'!B1141 | I8: ='1_Raw_Games'!D1141 | J8: ='1_Raw_Games'!C1141 | K8: =SUMPRODUCT(($A$4:$A$2271=I8)*$E$4:$E$2271*$C$4:$C$2271)/SUMPRODUCT(($A$4:$A$2271=I8)*$E$4:$E$2271)-SUMPRODUCT(($A$4:$A$2271=I8)*0.5^((H8-$B$4:$B$2271)/'2_Params'!$B$12)*$C$4:$C$2271)/SUMPRODUCT(($A$4:$A$2271=I8)*0.5^((H8-$B$4:$B$2271)/'2_Params'!$B$12)) | L8: =SUMPRODUCT(($A$4:$A$2271=J8)*$E$4:$E$2271*$C$4:$C$2271)/SUMPRODUCT(($A$4:$A$2271=J8)*$E$4:$E$2271)-SUMPRODUCT(($A$4:$A$2271=J8)*0.5^((H8-$B$4:$B$2271)/'2_Params'!$B$12)*$C$4:$C$2271)/SUMPRODUCT(($A$4:$A$2271=J8)*0.5^((H8-$B$4:$B$2271)/'2_Params'!$B$12)) | M8: =K8-L8 | N8: 4.7430735 | O8: =ABS(M8-N8)
A9: ='1_Raw_Games'!D8 | B9: ='1_Raw_Games'!B8 | C9: ='1_Raw_Games'!P8 | D9: =COUNTIFS($A$4:$A$2271,A9,$B$4:$B$2271,">"&B9) | E9: =IF(D9<'2_Params'!$B$13,1,0) | G9: ='1_Raw_Games'!A1142 | H9: ='1_Raw_Games'!B1142 | I9: ='1_Raw_Games'!D1142 | J9: ='1_Raw_Games'!C1142 | K9: =SUMPRODUCT(($A$4:$A$2271=I9)*$E$4:$E$2271*$C$4:$C$2271)/SUMPRODUCT(($A$4:$A$2271=I9)*$E$4:$E$2271)-SUMPRODUCT(($A$4:$A$2271=I9)*0.5^((H9-$B$4:$B$2271)/'2_Params'!$B$12)*$C$4:$C$2271)/SUMPRODUCT(($A$4:$A$2271=I9)*0.5^((H9-$B$4:$B$2271)/'2_Params'!$B$12)) | L9: =SUMPRODUCT(($A$4:$A$2271=J9)*$E$4:$E$2271*$C$4:$C$2271)/SUMPRODUCT(($A$4:$A$2271=J9)*$E$4:$E$2271)-SUMPRODUCT(($A$4:$A$2271=J9)*0.5^((H9-$B$4:$B$2271)/'2_Params'!$B$12)*$C$4:$C$2271)/SUMPRODUCT(($A$4:$A$2271=J9)*0.5^((H9-$B$4:$B$2271)/'2_Params'!$B$12)) | M9: =K9-L9 | N9: -2.9611615 | O9: =ABS(M9-N9)
A10: ='1_Raw_Games'!D9 | B10: ='1_Raw_Games'!B9 | C10: ='1_Raw_Games'!P9 | D10: =COUNTIFS($A$4:$A$2271,A10,$B$4:$B$2271,">"&B10) | E10: =IF(D10<'2_Params'!$B$13,1,0) | G10: ='1_Raw_Games'!A1143 | H10: ='1_Raw_Games'!B1143 | I10: ='1_Raw_Games'!D1143 | J10: ='1_Raw_Games'!C1143 | K10: =SUMPRODUCT(($A$4:$A$2271=I10)*$E$4:$E$2271*$C$4:$C$2271)/SUMPRODUCT(($A$4:$A$2271=I10)*$E$4:$E$2271)-SUMPRODUCT(($A$4:$A$2271=I10)*0.5^((H10-$B$4:$B$2271)/'2_Params'!$B$12)*$C$4:$C$2271)/SUMPRODUCT(($A$4:$A$2271=I10)*0.5^((H10-$B$4:$B$2271)/'2_Params'!$B$12)) | L10: =SUMPRODUCT(($A$4:$A$2271=J10)*$E$4:$E$2271*$C$4:$C$2271)/SUMPRODUCT(($A$4:$A$2271=J10)*$E$4:$E$2271)-SUMPRODUCT(($A$4:$A$2271=J10)*0.5^((H10-$B$4:$B$2271)/'2_Params'!$B$12)*$C$4:$C$2271)/SUMPRODUCT(($A$4:$A$2271=J10)*0.5^((H10-$B$4:$B$2271)/'2_Params'!$B$12)) | M10: =K10-L10 | N10: 7.1379716 | O10: =ABS(M10-N10)
A11: ='1_Raw_Games'!D10 | B11: ='1_Raw_Games'!B10 | C11: ='1_Raw_Games'!P10 | D11: =COUNTIFS($A$4:$A$2271,A11,$B$4:$B$2271,">"&B11) | E11: =IF(D11<'2_Params'!$B$13,1,0) | G11: ='1_Raw_Games'!A1144 | H11: ='1_Raw_Games'!B1144 | I11: ='1_Raw_Games'!D1144 | J11: ='1_Raw_Games'!C1144 | K11: =SUMPRODUCT(($A$4:$A$2271=I11)*$E$4:$E$2271*$C$4:$C$2271)/SUMPRODUCT(($A$4:$A$2271=I11)*$E$4:$E$2271)-SUMPRODUCT(($A$4:$A$2271=I11)*0.5^((H11-$B$4:$B$2271)/'2_Params'!$B$12)*$C$4:$C$2271)/SUMPRODUCT(($A$4:$A$2271=I11)*0.5^((H11-$B$4:$B$2271)/'2_Params'!$B$12)) | L11: =SUMPRODUCT(($A$4:$A$2271=J11)*$E$4:$E$2271*$C$4:$C$2271)/SUMPRODUCT(($A$4:$A$2271=J11)*$E$4:$E$2271)-SUMPRODUCT(($A$4:$A$2271=J11)*0.5^((H11-$B$4:$B$2271)/'2_Params'!$B$12)*$C$4:$C$2271)/SUMPRODUCT(($A$4:$A$2271=J11)*0.5^((H11-$B$4:$B$2271)/'2_Params'!$B$12)) | M11: =K11-L11 | N11: -6.0943169 | O11: =ABS(M11-N11)
A12: ='1_Raw_Games'!D11 | B12: ='1_Raw_Games'!B11 | C12: ='1_Raw_Games'!P11 | D12: =COUNTIFS($A$4:$A$2271,A12,$B$4:$B$2271,">"&B12) | E12: =IF(D12<'2_Params'!$B$13,1,0) | G12: ='1_Raw_Games'!A1145 | H12: ='1_Raw_Games'!B1145 | I12: ='1_Raw_Games'!D1145 | J12: ='1_Raw_Games'!C1145 | K12: =SUMPRODUCT(($A$4:$A$2271=I12)*$E$4:$E$2271*$C$4:$C$2271)/SUMPRODUCT(($A$4:$A$2271=I12)*$E$4:$E$2271)-SUMPRODUCT(($A$4:$A$2271=I12)*0.5^((H12-$B$4:$B$2271)/'2_Params'!$B$12)*$C$4:$C$2271)/SUMPRODUCT(($A$4:$A$2271=I12)*0.5^((H12-$B$4:$B$2271)/'2_Params'!$B$12)) | L12: =SUMPRODUCT(($A$4:$A$2271=J12)*$E$4:$E$2271*$C$4:$C$2271)/SUMPRODUCT(($A$4:$A$2271=J12)*$E$4:$E$2271)-SUMPRODUCT(($A$4:$A$2271=J12)*0.5^((H12-$B$4:$B$2271)/'2_Params'!$B$12)*$C$4:$C$2271)/SUMPRODUCT(($A$4:$A$2271=J12)*0.5^((H12-$B$4:$B$2271)/'2_Params'!$B$12)) | M12: =K12-L12 | N12: -8.5819447 | O12: =ABS(M12-N12)
A13: ='1_Raw_Games'!D12 | B13: ='1_Raw_Games'!B12 | C13: ='1_Raw_Games'!P12 | D13: =COUNTIFS($A$4:$A$2271,A13,$B$4:$B$2271,">"&B13) | E13: =IF(D13<'2_Params'!$B$13,1,0) | G13: ='1_Raw_Games'!A1146 | H13: ='1_Raw_Games'!B1146 | I13: ='1_Raw_Games'!D1146 | J13: ='1_Raw_Games'!C1146 | K13: =SUMPRODUCT(($A$4:$A$2271=I13)*$E$4:$E$2271*$C$4:$C$2271)/SUMPRODUCT(($A$4:$A$2271=I13)*$E$4:$E$2271)-SUMPRODUCT(($A$4:$A$2271=I13)*0.5^((H13-$B$4:$B$2271)/'2_Params'!$B$12)*$C$4:$C$2271)/SUMPRODUCT(($A$4:$A$2271=I13)*0.5^((H13-$B$4:$B$2271)/'2_Params'!$B$12)) | L13: =SUMPRODUCT(($A$4:$A$2271=J13)*$E$4:$E$2271*$C$4:$C$2271)/SUMPRODUCT(($A$4:$A$2271=J13)*$E$4:$E$2271)-SUMPRODUCT(($A$4:$A$2271=J13)*0.5^((H13-$B$4:$B$2271)/'2_Params'!$B$12)*$C$4:$C$2271)/SUMPRODUCT(($A$4:$A$2271=J13)*0.5^((H13-$B$4:$B$2271)/'2_Params'!$B$12)) | M13: =K13-L13 | N13: 3.3632294 | O13: =ABS(M13-N13)
A14: ='1_Raw_Games'!D13 | B14: ='1_Raw_Games'!B13 | C14: ='1_Raw_Games'!P13 | D14: =COUNTIFS($A$4:$A$2271,A14,$B$4:$B$2271,">"&B14) | E14: =IF(D14<'2_Params'!$B$13,1,0) | G14: ='1_Raw_Games'!A1147 | H14: ='1_Raw_Games'!B1147 | I14: ='1_Raw_Games'!D1147 | J14: ='1_Raw_Games'!C1147 | K14: =SUMPRODUCT(($A$4:$A$2271=I14)*$E$4:$E$2271*$C$4:$C$2271)/SUMPRODUCT(($A$4:$A$2271=I14)*$E$4:$E$2271)-SUMPRODUCT(($A$4:$A$2271=I14)*0.5^((H14-$B$4:$B$2271)/'2_Params'!$B$12)*$C$4:$C$2271)/SUMPRODUCT(($A$4:$A$2271=I14)*0.5^((H14-$B$4:$B$2271)/'2_Params'!$B$12)) | L14: =SUMPRODUCT(($A$4:$A$2271=J14)*$E$4:$E$2271*$C$4:$C$2271)/SUMPRODUCT(($A$4:$A$2271=J14)*$E$4:$E$2271)-SUMPRODUCT(($A$4:$A$2271=J14)*0.5^((H14-$B$4:$B$2271)/'2_Params'!$B$12)*$C$4:$C$2271)/SUMPRODUCT(($A$4:$A$2271=J14)*0.5^((H14-$B$4:$B$2271)/'2_Params'!$B$12)) | M14: =K14-L14 | N14: -0.16229916 | O14: =ABS(M14-N14)
A15: ='1_Raw_Games'!D14 | B15: ='1_Raw_Games'!B14 | C15: ='1_Raw_Games'!P14 | D15: =COUNTIFS($A$4:$A$2271,A15,$B$4:$B$2271,">"&B15) | E15: =IF(D15<'2_Params'!$B$13,1,0) | G15: ='1_Raw_Games'!A1148 | H15: ='1_Raw_Games'!B1148 | I15: ='1_Raw_Games'!D1148 | J15: ='1_Raw_Games'!C1148 | K15: =SUMPRODUCT(($A$4:$A$2271=I15)*$E$4:$E$2271*$C$4:$C$2271)/SUMPRODUCT(($A$4:$A$2271=I15)*$E$4:$E$2271)-SUMPRODUCT(($A$4:$A$2271=I15)*0.5^((H15-$B$4:$B$2271)/'2_Params'!$B$12)*$C$4:$C$2271)/SUMPRODUCT(($A$4:$A$2271=I15)*0.5^((H15-$B$4:$B$2271)/'2_Params'!$B$12)) | L15: =SUMPRODUCT(($A$4:$A$2271=J15)*$E$4:$E$2271*$C$4:$C$2271)/SUMPRODUCT(($A$4:$A$2271=J15)*$E$4:$E$2271)-SUMPRODUCT(($A$4:$A$2271=J15)*0.5^((H15-$B$4:$B$2271)/'2_Params'!$B$12)*$C$4:$C$2271)/SUMPRODUCT(($A$4:$A$2271=J15)*0.5^((H15-$B$4:$B$2271)/'2_Params'!$B$12)) | M15: =K15-L15 | N15: -1.9519936 | O15: =ABS(M15-N15)
... A99: ='1_Raw_Games'!D98 | B99: ='1_Raw_Games'!B98 | C99: ='1_Raw_Games'!P98 | D99: =COUNTIFS($A$4:$A$2271,A99,$B$4:$B$2271,">"&B99) | E99: =IF(D99<'2_Params'!$B$13,1,0) | G99: ='1_Raw_Games'!A1232 | H99: ='1_Raw_Games'!B1232 | I99: ='1_Raw_Games'!D1232 | J99: ='1_Raw_Games'!C1232 | K99: =SUMPRODUCT(($A$4:$A$2271=I99)*$E$4:$E$2271*$C$4:$C$2271)/SUMPRODUCT(($A$4:$A$2271=I99)*$E$4:$E$2271)-SUMPRODUCT(($A$4:$A$2271=I99)*0.5^((H99-$B$4:$B$2271)/'2_Params'!$B$12)*$C$4:$C$2271)/SUMPRODUCT(($A$4:$A$2271=I99)*0.5^((H99-$B$4:$B$2271)/'2_Params'!$B$12)) | L99: =SUMPRODUCT(($A$4:$A$2271=J99)*$E$4:$E$2271*$C$4:$C$2271)/SUMPRODUCT(($A$4:$A$2271=J99)*$E$4:$E$2271)-SUMPRODUCT(($A$4:$A$2271=J99)*0.5^((H99-$B$4:$B$2271)/'2_Params'!$B$12)*$C$4:$C$2271)/SUMPRODUCT(($A$4:$A$2271=J99)*0.5^((H99-$B$4:$B$2271)/'2_Params'!$B$12)) | M99: =K99-L99 | N99: 10.404611 | O99: =ABS(M99-N99)
A100: ='1_Raw_Games'!D99 | B100: ='1_Raw_Games'!B99 | C100: ='1_Raw_Games'!P99 | D100: =COUNTIFS($A$4:$A$2271,A100,$B$4:$B$2271,">"&B100) | E100: =IF(D100<'2_Params'!$B$13,1,0) | G100: max |delta|: | H100: =MAX(O4:O99)
A101: ='1_Raw_Games'!D100 | B101: ='1_Raw_Games'!B100 | C101: ='1_Raw_Games'!P100 | D101: =COUNTIFS($A$4:$A$2271,A101,$B$4:$B$2271,">"&B101) | E101: =IF(D101<'2_Params'!$B$13,1,0)
A102: ='1_Raw_Games'!D101 | B102: ='1_Raw_Games'!B101 | C102: ='1_Raw_Games'!P101 | D102: =COUNTIFS($A$4:$A$2271,A102,$B$4:$B$2271,">"&B102) | E102: =IF(D102<'2_Params'!$B$13,1,0)
A103: ='1_Raw_Games'!D102 | B103: ='1_Raw_Games'!B102 | C103: ='1_Raw_Games'!P102 | D103: =COUNTIFS($A$4:$A$2271,A103,$B$4:$B$2271,">"&B103) | E103: =IF(D103<'2_Params'!$B$13,1,0)
A104: ='1_Raw_Games'!D103 | B104: ='1_Raw_Games'!B103 | C104: ='1_Raw_Games'!P103 | D104: =COUNTIFS($A$4:$A$2271,A104,$B$4:$B$2271,">"&B104) | E104: =IF(D104<'2_Params'!$B$13,1,0)
A105: ='1_Raw_Games'!D104 | B105: ='1_Raw_Games'!B104 | C105: ='1_Raw_Games'!P104 | D105: =COUNTIFS($A$4:$A$2271,A105,$B$4:$B$2271,">"&B105) | E105: =IF(D105<'2_Params'!$B$13,1,0)
A106: ='1_Raw_Games'!D105 | B106: ='1_Raw_Games'!B105 | C106: ='1_Raw_Games'!P105 | D106: =COUNTIFS($A$4:$A$2271,A106,$B$4:$B$2271,">"&B106) | E106: =IF(D106<'2_Params'!$B$13,1,0)
A107: ='1_Raw_Games'!D106 | B107: ='1_Raw_Games'!B106 | C107: ='1_Raw_Games'!P106 | D107: =COUNTIFS($A$4:$A$2271,A107,$B$4:$B$2271,">"&B107) | E107: =IF(D107<'2_Params'!$B$13,1,0)
A108: ='1_Raw_Games'!D107 | B108: ='1_Raw_Games'!B107 | C108: ='1_Raw_Games'!P107 | D108: =COUNTIFS($A$4:$A$2271,A108,$B$4:$B$2271,">"&B108) | E108: =IF(D108<'2_Params'!$B$13,1,0)
A109: ='1_Raw_Games'!D108 | B109: ='1_Raw_Games'!B108 | C109: ='1_Raw_Games'!P108 | D109: =COUNTIFS($A$4:$A$2271,A109,$B$4:$B$2271,">"&B109) | E109: =IF(D109<'2_Params'!$B$13,1,0)
A110: ='1_Raw_Games'!D109 | B110: ='1_Raw_Games'!B109 | C110: ='1_Raw_Games'!P109 | D110: =COUNTIFS($A$4:$A$2271,A110,$B$4:$B$2271,">"&B110) | E110: =IF(D110<'2_Params'!$B$13,1,0)
A111: ='1_Raw_Games'!D110 | B111: ='1_Raw_Games'!B110 | C111: ='1_Raw_Games'!P110 | D111: =COUNTIFS($A$4:$A$2271,A111,$B$4:$B$2271,">"&B111) | E111: =IF(D111<'2_Params'!$B$13,1,0)
A112: ='1_Raw_Games'!D111 | B112: ='1_Raw_Games'!B111 | C112: ='1_Raw_Games'!P111 | D112: =COUNTIFS($A$4:$A$2271,A112,$B$4:$B$2271,">"&B112) | E112: =IF(D112<'2_Params'!$B$13,1,0)
... A1137: ='1_Raw_Games'!D1136 | B1137: ='1_Raw_Games'!B1136 | C1137: ='1_Raw_Games'!P1136 | D1137: =COUNTIFS($A$4:$A$2271,A1137,$B$4:$B$2271,">"&B1137) | E1137: =IF(D1137<'2_Params'!$B$13,1,0)
A1138: ='1_Raw_Games'!C3 | B1138: ='1_Raw_Games'!B3 | C1138: =-'1_Raw_Games'!P3 | D1138: =COUNTIFS($A$4:$A$2271,A1138,$B$4:$B$2271,">"&B1138) | E1138: =IF(D1138<'2_Params'!$B$13,1,0)
A1139: ='1_Raw_Games'!C4 | B1139: ='1_Raw_Games'!B4 | C1139: =-'1_Raw_Games'!P4 | D1139: =COUNTIFS($A$4:$A$2271,A1139,$B$4:$B$2271,">"&B1139) | E1139: =IF(D1139<'2_Params'!$B$13,1,0)
A1140: ='1_Raw_Games'!C5 | B1140: ='1_Raw_Games'!B5 | C1140: =-'1_Raw_Games'!P5 | D1140: =COUNTIFS($A$4:$A$2271,A1140,$B$4:$B$2271,">"&B1140) | E1140: =IF(D1140<'2_Params'!$B$13,1,0)
A1141: ='1_Raw_Games'!C6 | B1141: ='1_Raw_Games'!B6 | C1141: =-'1_Raw_Games'!P6 | D1141: =COUNTIFS($A$4:$A$2271,A1141,$B$4:$B$2271,">"&B1141) | E1141: =IF(D1141<'2_Params'!$B$13,1,0)
A1142: ='1_Raw_Games'!C7 | B1142: ='1_Raw_Games'!B7 | C1142: =-'1_Raw_Games'!P7 | D1142: =COUNTIFS($A$4:$A$2271,A1142,$B$4:$B$2271,">"&B1142) | E1142: =IF(D1142<'2_Params'!$B$13,1,0)
A1143: ='1_Raw_Games'!C8 | B1143: ='1_Raw_Games'!B8 | C1143: =-'1_Raw_Games'!P8 | D1143: =COUNTIFS($A$4:$A$2271,A1143,$B$4:$B$2271,">"&B1143) | E1143: =IF(D1143<'2_Params'!$B$13,1,0)
A1144: ='1_Raw_Games'!C9 | B1144: ='1_Raw_Games'!B9 | C1144: =-'1_Raw_Games'!P9 | D1144: =COUNTIFS($A$4:$A$2271,A1144,$B$4:$B$2271,">"&B1144) | E1144: =IF(D1144<'2_Params'!$B$13,1,0)
A1145: ='1_Raw_Games'!C10 | B1145: ='1_Raw_Games'!B10 | C1145: =-'1_Raw_Games'!P10 | D1145: =COUNTIFS($A$4:$A$2271,A1145,$B$4:$B$2271,">"&B1145) | E1145: =IF(D1145<'2_Params'!$B$13,1,0)
A1146: ='1_Raw_Games'!C11 | B1146: ='1_Raw_Games'!B11 | C1146: =-'1_Raw_Games'!P11 | D1146: =COUNTIFS($A$4:$A$2271,A1146,$B$4:$B$2271,">"&B1146) | E1146: =IF(D1146<'2_Params'!$B$13,1,0)
A1147: ='1_Raw_Games'!C12 | B1147: ='1_Raw_Games'!B12 | C1147: =-'1_Raw_Games'!P12 | D1147: =COUNTIFS($A$4:$A$2271,A1147,$B$4:$B$2271,">"&B1147) | E1147: =IF(D1147<'2_Params'!$B$13,1,0)
A1148: ='1_Raw_Games'!C13 | B1148: ='1_Raw_Games'!B13 | C1148: =-'1_Raw_Games'!P13 | D1148: =COUNTIFS($A$4:$A$2271,A1148,$B$4:$B$2271,">"&B1148) | E1148: =IF(D1148<'2_Params'!$B$13,1,0)
A1149: ='1_Raw_Games'!C14 | B1149: ='1_Raw_Games'!B14 | C1149: =-'1_Raw_Games'!P14 | D1149: =COUNTIFS($A$4:$A$2271,A1149,$B$4:$B$2271,">"&B1149) | E1149: =IF(D1149<'2_Params'!$B$13,1,0)
... A2271: ='1_Raw_Games'!C1136 | B2271: ='1_Raw_Games'!B1136 | C2271: =-'1_Raw_Games'!P1136 | D2271: =COUNTIFS($A$4:$A$2271,A2271,$B$4:$B$2271,">"&B2271) | E2271: =IF(D2271<'2_Params'!$B$13,1,0)

Sheet 7_Fit_Selection_Models
AI1: Panel 2: rank model — L2 logistic on standardized (bt_logit, trend_diff), C=0.1.
A4: row | B4: elo (raw) | C4: y | D4: z it1 | E4: p it1 | F4: z it2 | G4: p it2 | H4: z it3 | I4: p it3 | J4: z it4 | K4: p it4 | L4: z it5 | M4: p it5 | N4: z it6 | O4: p it6 | P4: z it7 | Q4: p it7 | R4: z it8 | S4: p it8 | T4: STANDARDIZER (population std, as sklearn) | AI4: row | AJ4: bt (raw) | AK4: trend (raw) | AL4: y | AM4: z it1 | AN4: p it1 | AO4: z it2 | AP4: p it2 | AQ4: z it3 | AR4: p it3 | AS4: z it4 | AT4: p it4 | AU4: z it5 | AV4: p it5 | AW4: z it6 | AX4: p it6 | AY4: z it7 | AZ4: p it7 | BA4: z it8 | BB4: p it8 | BC4: STANDARDIZER (population std, as sklearn)
A5: ='4_Seq_Features'!A3 | B5: ='4_Seq_Features'!F3 | C5: ='4_Seq_Features'!E3 | D5: =$U$12*((B5)-$U$5)/$U$6+$U$13 | E5: =1/(1+EXP(-D5)) | F5: =$V$12*((B5)-$U$5)/$U$6+$V$13 | G5: =1/(1+EXP(-F5)) | H5: =$W$12*((B5)-$U$5)/$U$6+$W$13 | I5: =1/(1+EXP(-H5)) | J5: =$X$12*((B5)-$U$5)/$U$6+$X$13 | K5: =1/(1+EXP(-J5)) | L5: =$Y$12*((B5)-$U$5)/$U$6+$Y$13 | M5: =1/(1+EXP(-L5)) | N5: =$Z$12*((B5)-$U$5)/$U$6+$Z$13 | O5: =1/(1+EXP(-N5)) | P5: =$AA$12*((B5)-$U$5)/$U$6+$AA$13 | Q5: =1/(1+EXP(-P5)) | R5: =$AB$12*((B5)-$U$5)/$U$6+$AB$13 | S5: =1/(1+EXP(-R5)) | T5: mean elo | U5: =AVERAGE(B$5:B$899) | AI5: ='4_Seq_Features'!A3 | AJ5: ='4_Seq_Features'!G3 | AK5: ='4_Seq_Features'!H3 | AL5: ='4_Seq_Features'!E3 | AM5: =$BD$14*((AJ5)-$BD$5)/$BD$6+$BD$15*((AK5)-$BD$7)/$BD$8+$BD$16 | AN5: =1/(1+EXP(-AM5)) | AO5: =$BE$14*((AJ5)-$BD$5)/$BD$6+$BE$15*((AK5)-$BD$7)/$BD$8+$BE$16 | AP5: =1/(1+EXP(-AO5)) | AQ5: =$BF$14*((AJ5)-$BD$5)/$BD$6+$BF$15*((AK5)-$BD$7)/$BD$8+$BF$16 | AR5: =1/(1+EXP(-AQ5)) | AS5: =$BG$14*((AJ5)-$BD$5)/$BD$6+$BG$15*((AK5)-$BD$7)/$BD$8+$BG$16 | AT5: =1/(1+EXP(-AS5)) | AU5: =$BH$14*((AJ5)-$BD$5)/$BD$6+$BH$15*((AK5)-$BD$7)/$BD$8+$BH$16 | AV5: =1/(1+EXP(-AU5)) | AW5: =$BI$14*((AJ5)-$BD$5)/$BD$6+$BI$15*((AK5)-$BD$7)/$BD$8+$BI$16 | AX5: =1/(1+EXP(-AW5)) | AY5: =$BJ$14*((AJ5)-$BD$5)/$BD$6+$BJ$15*((AK5)-$BD$7)/$BD$8+$BJ$16 | AZ5: =1/(1+EXP(-AY5)) | BA5: =$BK$14*((AJ5)-$BD$5)/$BD$6+$BK$15*((AK5)-$BD$7)/$BD$8+$BK$16 | BB5: =1/(1+EXP(-BA5)) | BC5: mean bt | BD5: =AVERAGE(AJ$5:AJ$899)
A6: ='4_Seq_Features'!A4 | B6: ='4_Seq_Features'!F4 | C6: ='4_Seq_Features'!E4 | D6: =$U$12*((B6)-$U$5)/$U$6+$U$13 | E6: =1/(1+EXP(-D6)) | F6: =$V$12*((B6)-$U$5)/$U$6+$V$13 | G6: =1/(1+EXP(-F6)) | H6: =$W$12*((B6)-$U$5)/$U$6+$W$13 | I6: =1/(1+EXP(-H6)) | J6: =$X$12*((B6)-$U$5)/$U$6+$X$13 | K6: =1/(1+EXP(-J6)) | L6: =$Y$12*((B6)-$U$5)/$U$6+$Y$13 | M6: =1/(1+EXP(-L6)) | N6: =$Z$12*((B6)-$U$5)/$U$6+$Z$13 | O6: =1/(1+EXP(-N6)) | P6: =$AA$12*((B6)-$U$5)/$U$6+$AA$13 | Q6: =1/(1+EXP(-P6)) | R6: =$AB$12*((B6)-$U$5)/$U$6+$AB$13 | S6: =1/(1+EXP(-R6)) | T6: scale elo | U6: =SQRT(SUMPRODUCT((B$5:B$899-U5)^2)/COUNT(B$5:B$899)) | AI6: ='4_Seq_Features'!A4 | AJ6: ='4_Seq_Features'!G4 | AK6: ='4_Seq_Features'!H4 | AL6: ='4_Seq_Features'!E4 | AM6: =$BD$14*((AJ6)-$BD$5)/$BD$6+$BD$15*((AK6)-$BD$7)/$BD$8+$BD$16 | AN6: =1/(1+EXP(-AM6)) | AO6: =$BE$14*((AJ6)-$BD$5)/$BD$6+$BE$15*((AK6)-$BD$7)/$BD$8+$BE$16 | AP6: =1/(1+EXP(-AO6)) | AQ6: =$BF$14*((AJ6)-$BD$5)/$BD$6+$BF$15*((AK6)-$BD$7)/$BD$8+$BF$16 | AR6: =1/(1+EXP(-AQ6)) | AS6: =$BG$14*((AJ6)-$BD$5)/$BD$6+$BG$15*((AK6)-$BD$7)/$BD$8+$BG$16 | AT6: =1/(1+EXP(-AS6)) | AU6: =$BH$14*((AJ6)-$BD$5)/$BD$6+$BH$15*((AK6)-$BD$7)/$BD$8+$BH$16 | AV6: =1/(1+EXP(-AU6)) | AW6: =$BI$14*((AJ6)-$BD$5)/$BD$6+$BI$15*((AK6)-$BD$7)/$BD$8+$BI$16 | AX6: =1/(1+EXP(-AW6)) | AY6: =$BJ$14*((AJ6)-$BD$5)/$BD$6+$BJ$15*((AK6)-$BD$7)/$BD$8+$BJ$16 | AZ6: =1/(1+EXP(-AY6)) | BA6: =$BK$14*((AJ6)-$BD$5)/$BD$6+$BK$15*((AK6)-$BD$7)/$BD$8+$BK$16 | BB6: =1/(1+EXP(-BA6)) | BC6: scale bt | BD6: =SQRT(SUMPRODUCT((AJ$5:AJ$899-BD5)^2)/COUNT(AJ$5:AJ$899))
A7: ='4_Seq_Features'!A5 | B7: ='4_Seq_Features'!F5 | C7: ='4_Seq_Features'!E5 | D7: =$U$12*((B7)-$U$5)/$U$6+$U$13 | E7: =1/(1+EXP(-D7)) | F7: =$V$12*((B7)-$U$5)/$U$6+$V$13 | G7: =1/(1+EXP(-F7)) | H7: =$W$12*((B7)-$U$5)/$U$6+$W$13 | I7: =1/(1+EXP(-H7)) | J7: =$X$12*((B7)-$U$5)/$U$6+$X$13 | K7: =1/(1+EXP(-J7)) | L7: =$Y$12*((B7)-$U$5)/$U$6+$Y$13 | M7: =1/(1+EXP(-L7)) | N7: =$Z$12*((B7)-$U$5)/$U$6+$Z$13 | O7: =1/(1+EXP(-N7)) | P7: =$AA$12*((B7)-$U$5)/$U$6+$AA$13 | Q7: =1/(1+EXP(-P7)) | R7: =$AB$12*((B7)-$U$5)/$U$6+$AB$13 | S7: =1/(1+EXP(-R7)) | AI7: ='4_Seq_Features'!A5 | AJ7: ='4_Seq_Features'!G5 | AK7: ='4_Seq_Features'!H5 | AL7: ='4_Seq_Features'!E5 | AM7: =$BD$14*((AJ7)-$BD$5)/$BD$6+$BD$15*((AK7)-$BD$7)/$BD$8+$BD$16 | AN7: =1/(1+EXP(-AM7)) | AO7: =$BE$14*((AJ7)-$BD$5)/$BD$6+$BE$15*((AK7)-$BD$7)/$BD$8+$BE$16 | AP7: =1/(1+EXP(-AO7)) | AQ7: =$BF$14*((AJ7)-$BD$5)/$BD$6+$BF$15*((AK7)-$BD$7)/$BD$8+$BF$16 | AR7: =1/(1+EXP(-AQ7)) | AS7: =$BG$14*((AJ7)-$BD$5)/$BD$6+$BG$15*((AK7)-$BD$7)/$BD$8+$BG$16 | AT7: =1/(1+EXP(-AS7)) | AU7: =$BH$14*((AJ7)-$BD$5)/$BD$6+$BH$15*((AK7)-$BD$7)/$BD$8+$BH$16 | AV7: =1/(1+EXP(-AU7)) | AW7: =$BI$14*((AJ7)-$BD$5)/$BD$6+$BI$15*((AK7)-$BD$7)/$BD$8+$BI$16 | AX7: =1/(1+EXP(-AW7)) | AY7: =$BJ$14*((AJ7)-$BD$5)/$BD$6+$BJ$15*((AK7)-$BD$7)/$BD$8+$BJ$16 | AZ7: =1/(1+EXP(-AY7)) | BA7: =$BK$14*((AJ7)-$BD$5)/$BD$6+$BK$15*((AK7)-$BD$7)/$BD$8+$BK$16 | BB7: =1/(1+EXP(-BA7)) | BC7: mean trend | BD7: =AVERAGE(AK$5:AK$899)
A8: ='4_Seq_Features'!A6 | B8: ='4_Seq_Features'!F6 | C8: ='4_Seq_Features'!E6 | D8: =$U$12*((B8)-$U$5)/$U$6+$U$13 | E8: =1/(1+EXP(-D8)) | F8: =$V$12*((B8)-$U$5)/$U$6+$V$13 | G8: =1/(1+EXP(-F8)) | H8: =$W$12*((B8)-$U$5)/$U$6+$W$13 | I8: =1/(1+EXP(-H8)) | J8: =$X$12*((B8)-$U$5)/$U$6+$X$13 | K8: =1/(1+EXP(-J8)) | L8: =$Y$12*((B8)-$U$5)/$U$6+$Y$13 | M8: =1/(1+EXP(-L8)) | N8: =$Z$12*((B8)-$U$5)/$U$6+$Z$13 | O8: =1/(1+EXP(-N8)) | P8: =$AA$12*((B8)-$U$5)/$U$6+$AA$13 | Q8: =1/(1+EXP(-P8)) | R8: =$AB$12*((B8)-$U$5)/$U$6+$AB$13 | S8: =1/(1+EXP(-R8)) | AI8: ='4_Seq_Features'!A6 | AJ8: ='4_Seq_Features'!G6 | AK8: ='4_Seq_Features'!H6 | AL8: ='4_Seq_Features'!E6 | AM8: =$BD$14*((AJ8)-$BD$5)/$BD$6+$BD$15*((AK8)-$BD$7)/$BD$8+$BD$16 | AN8: =1/(1+EXP(-AM8)) | AO8: =$BE$14*((AJ8)-$BD$5)/$BD$6+$BE$15*((AK8)-$BD$7)/$BD$8+$BE$16 | AP8: =1/(1+EXP(-AO8)) | AQ8: =$BF$14*((AJ8)-$BD$5)/$BD$6+$BF$15*((AK8)-$BD$7)/$BD$8+$BF$16 | AR8: =1/(1+EXP(-AQ8)) | AS8: =$BG$14*((AJ8)-$BD$5)/$BD$6+$BG$15*((AK8)-$BD$7)/$BD$8+$BG$16 | AT8: =1/(1+EXP(-AS8)) | AU8: =$BH$14*((AJ8)-$BD$5)/$BD$6+$BH$15*((AK8)-$BD$7)/$BD$8+$BH$16 | AV8: =1/(1+EXP(-AU8)) | AW8: =$BI$14*((AJ8)-$BD$5)/$BD$6+$BI$15*((AK8)-$BD$7)/$BD$8+$BI$16 | AX8: =1/(1+EXP(-AW8)) | AY8: =$BJ$14*((AJ8)-$BD$5)/$BD$6+$BJ$15*((AK8)-$BD$7)/$BD$8+$BJ$16 | AZ8: =1/(1+EXP(-AY8)) | BA8: =$BK$14*((AJ8)-$BD$5)/$BD$6+$BK$15*((AK8)-$BD$7)/$BD$8+$BK$16 | BB8: =1/(1+EXP(-BA8)) | BC8: scale trend | BD8: =SQRT(SUMPRODUCT((AK$5:AK$899-BD7)^2)/COUNT(AK$5:AK$899))
A9: ='4_Seq_Features'!A7 | B9: ='4_Seq_Features'!F7 | C9: ='4_Seq_Features'!E7 | D9: =$U$12*((B9)-$U$5)/$U$6+$U$13 | E9: =1/(1+EXP(-D9)) | F9: =$V$12*((B9)-$U$5)/$U$6+$V$13 | G9: =1/(1+EXP(-F9)) | H9: =$W$12*((B9)-$U$5)/$U$6+$W$13 | I9: =1/(1+EXP(-H9)) | J9: =$X$12*((B9)-$U$5)/$U$6+$X$13 | K9: =1/(1+EXP(-J9)) | L9: =$Y$12*((B9)-$U$5)/$U$6+$Y$13 | M9: =1/(1+EXP(-L9)) | N9: =$Z$12*((B9)-$U$5)/$U$6+$Z$13 | O9: =1/(1+EXP(-N9)) | P9: =$AA$12*((B9)-$U$5)/$U$6+$AA$13 | Q9: =1/(1+EXP(-P9)) | R9: =$AB$12*((B9)-$U$5)/$U$6+$AB$13 | S9: =1/(1+EXP(-R9)) | AI9: ='4_Seq_Features'!A7 | AJ9: ='4_Seq_Features'!G7 | AK9: ='4_Seq_Features'!H7 | AL9: ='4_Seq_Features'!E7 | AM9: =$BD$14*((AJ9)-$BD$5)/$BD$6+$BD$15*((AK9)-$BD$7)/$BD$8+$BD$16 | AN9: =1/(1+EXP(-AM9)) | AO9: =$BE$14*((AJ9)-$BD$5)/$BD$6+$BE$15*((AK9)-$BD$7)/$BD$8+$BE$16 | AP9: =1/(1+EXP(-AO9)) | AQ9: =$BF$14*((AJ9)-$BD$5)/$BD$6+$BF$15*((AK9)-$BD$7)/$BD$8+$BF$16 | AR9: =1/(1+EXP(-AQ9)) | AS9: =$BG$14*((AJ9)-$BD$5)/$BD$6+$BG$15*((AK9)-$BD$7)/$BD$8+$BG$16 | AT9: =1/(1+EXP(-AS9)) | AU9: =$BH$14*((AJ9)-$BD$5)/$BD$6+$BH$15*((AK9)-$BD$7)/$BD$8+$BH$16 | AV9: =1/(1+EXP(-AU9)) | AW9: =$BI$14*((AJ9)-$BD$5)/$BD$6+$BI$15*((AK9)-$BD$7)/$BD$8+$BI$16 | AX9: =1/(1+EXP(-AW9)) | AY9: =$BJ$14*((AJ9)-$BD$5)/$BD$6+$BJ$15*((AK9)-$BD$7)/$BD$8+$BJ$16 | AZ9: =1/(1+EXP(-AY9)) | BA9: =$BK$14*((AJ9)-$BD$5)/$BD$6+$BK$15*((AK9)-$BD$7)/$BD$8+$BK$16 | BB9: =1/(1+EXP(-BA9))
A10: ='4_Seq_Features'!A8 | B10: ='4_Seq_Features'!F8 | C10: ='4_Seq_Features'!E8 | D10: =$U$12*((B10)-$U$5)/$U$6+$U$13 | E10: =1/(1+EXP(-D10)) | F10: =$V$12*((B10)-$U$5)/$U$6+$V$13 | G10: =1/(1+EXP(-F10)) | H10: =$W$12*((B10)-$U$5)/$U$6+$W$13 | I10: =1/(1+EXP(-H10)) | J10: =$X$12*((B10)-$U$5)/$U$6+$X$13 | K10: =1/(1+EXP(-J10)) | L10: =$Y$12*((B10)-$U$5)/$U$6+$Y$13 | M10: =1/(1+EXP(-L10)) | N10: =$Z$12*((B10)-$U$5)/$U$6+$Z$13 | O10: =1/(1+EXP(-N10)) | P10: =$AA$12*((B10)-$U$5)/$U$6+$AA$13 | Q10: =1/(1+EXP(-P10)) | R10: =$AB$12*((B10)-$U$5)/$U$6+$AB$13 | S10: =1/(1+EXP(-R10)) | T10: NEWTON ITERATIONS (start at 0; each column solves the penalized IRLS step from the previous) | AI10: ='4_Seq_Features'!A8 | AJ10: ='4_Seq_Features'!G8 | AK10: ='4_Seq_Features'!H8 | AL10: ='4_Seq_Features'!E8 | AM10: =$BD$14*((AJ10)-$BD$5)/$BD$6+$BD$15*((AK10)-$BD$7)/$BD$8+$BD$16 | AN10: =1/(1+EXP(-AM10)) | AO10: =$BE$14*((AJ10)-$BD$5)/$BD$6+$BE$15*((AK10)-$BD$7)/$BD$8+$BE$16 | AP10: =1/(1+EXP(-AO10)) | AQ10: =$BF$14*((AJ10)-$BD$5)/$BD$6+$BF$15*((AK10)-$BD$7)/$BD$8+$BF$16 | AR10: =1/(1+EXP(-AQ10)) | AS10: =$BG$14*((AJ10)-$BD$5)/$BD$6+$BG$15*((AK10)-$BD$7)/$BD$8+$BG$16 | AT10: =1/(1+EXP(-AS10)) | AU10: =$BH$14*((AJ10)-$BD$5)/$BD$6+$BH$15*((AK10)-$BD$7)/$BD$8+$BH$16 | AV10: =1/(1+EXP(-AU10)) | AW10: =$BI$14*((AJ10)-$BD$5)/$BD$6+$BI$15*((AK10)-$BD$7)/$BD$8+$BI$16 | AX10: =1/(1+EXP(-AW10)) | AY10: =$BJ$14*((AJ10)-$BD$5)/$BD$6+$BJ$15*((AK10)-$BD$7)/$BD$8+$BJ$16 | AZ10: =1/(1+EXP(-AY10)) | BA10: =$BK$14*((AJ10)-$BD$5)/$BD$6+$BK$15*((AK10)-$BD$7)/$BD$8+$BK$16 | BB10: =1/(1+EXP(-BA10))
A11: ='4_Seq_Features'!A9 | B11: ='4_Seq_Features'!F9 | C11: ='4_Seq_Features'!E9 | D11: =$U$12*((B11)-$U$5)/$U$6+$U$13 | E11: =1/(1+EXP(-D11)) | F11: =$V$12*((B11)-$U$5)/$U$6+$V$13 | G11: =1/(1+EXP(-F11)) | H11: =$W$12*((B11)-$U$5)/$U$6+$W$13 | I11: =1/(1+EXP(-H11)) | J11: =$X$12*((B11)-$U$5)/$U$6+$X$13 | K11: =1/(1+EXP(-J11)) | L11: =$Y$12*((B11)-$U$5)/$U$6+$Y$13 | M11: =1/(1+EXP(-L11)) | N11: =$Z$12*((B11)-$U$5)/$U$6+$Z$13 | O11: =1/(1+EXP(-N11)) | P11: =$AA$12*((B11)-$U$5)/$U$6+$AA$13 | Q11: =1/(1+EXP(-P11)) | R11: =$AB$12*((B11)-$U$5)/$U$6+$AB$13 | S11: =1/(1+EXP(-R11)) | T11: param | U11: it 0 | V11: it 1 | W11: it 2 | X11: it 3 | Y11: it 4 | Z11: it 5 | AA11: it 6 | AB11: it 7 | AC11: it 8 | AI11: ='4_Seq_Features'!A9 | AJ11: ='4_Seq_Features'!G9 | AK11: ='4_Seq_Features'!H9 | AL11: ='4_Seq_Features'!E9 | AM11: =$BD$14*((AJ11)-$BD$5)/$BD$6+$BD$15*((AK11)-$BD$7)/$BD$8+$BD$16 | AN11: =1/(1+EXP(-AM11)) | AO11: =$BE$14*((AJ11)-$BD$5)/$BD$6+$BE$15*((AK11)-$BD$7)/$BD$8+$BE$16 | AP11: =1/(1+EXP(-AO11)) | AQ11: =$BF$14*((AJ11)-$BD$5)/$BD$6+$BF$15*((AK11)-$BD$7)/$BD$8+$BF$16 | AR11: =1/(1+EXP(-AQ11)) | AS11: =$BG$14*((AJ11)-$BD$5)/$BD$6+$BG$15*((AK11)-$BD$7)/$BD$8+$BG$16 | AT11: =1/(1+EXP(-AS11)) | AU11: =$BH$14*((AJ11)-$BD$5)/$BD$6+$BH$15*((AK11)-$BD$7)/$BD$8+$BH$16 | AV11: =1/(1+EXP(-AU11)) | AW11: =$BI$14*((AJ11)-$BD$5)/$BD$6+$BI$15*((AK11)-$BD$7)/$BD$8+$BI$16 | AX11: =1/(1+EXP(-AW11)) | AY11: =$BJ$14*((AJ11)-$BD$5)/$BD$6+$BJ$15*((AK11)-$BD$7)/$BD$8+$BJ$16 | AZ11: =1/(1+EXP(-AY11)) | BA11: =$BK$14*((AJ11)-$BD$5)/$BD$6+$BK$15*((AK11)-$BD$7)/$BD$8+$BK$16 | BB11: =1/(1+EXP(-BA11))
A12: ='4_Seq_Features'!A10 | B12: ='4_Seq_Features'!F10 | C12: ='4_Seq_Features'!E10 | D12: =$U$12*((B12)-$U$5)/$U$6+$U$13 | E12: =1/(1+EXP(-D12)) | F12: =$V$12*((B12)-$U$5)/$U$6+$V$13 | G12: =1/(1+EXP(-F12)) | H12: =$W$12*((B12)-$U$5)/$U$6+$W$13 | I12: =1/(1+EXP(-H12)) | J12: =$X$12*((B12)-$U$5)/$U$6+$X$13 | K12: =1/(1+EXP(-J12)) | L12: =$Y$12*((B12)-$U$5)/$U$6+$Y$13 | M12: =1/(1+EXP(-L12)) | N12: =$Z$12*((B12)-$U$5)/$U$6+$Z$13 | O12: =1/(1+EXP(-N12)) | P12: =$AA$12*((B12)-$U$5)/$U$6+$AA$13 | Q12: =1/(1+EXP(-P12)) | R12: =$AB$12*((B12)-$U$5)/$U$6+$AB$13 | S12: =1/(1+EXP(-R12)) | T12: w_elo | U12: 0 | V12: =$U$12-((AD16*AE18-AD17*AE17)/(AE16*AE18-AE17*AE17)) | W12: =$V$12-((AD19*AE21-AD20*AE20)/(AE19*AE21-AE20*AE20)) | X12: =$W$12-((AD22*AE24-AD23*AE23)/(AE22*AE24-AE23*AE23)) | Y12: =$X$12-((AD25*AE27-AD26*AE26)/(AE25*AE27-AE26*AE26)) | Z12: =$Y$12-((AD28*AE30-AD29*AE29)/(AE28*AE30-AE29*AE29)) | AA12: =$Z$12-((AD31*AE33-AD32*AE32)/(AE31*AE33-AE32*AE32)) | AB12: =$AA$12-((AD34*AE36-AD35*AE35)/(AE34*AE36-AE35*AE35)) | AC12: =$AB$12-((AD37*AE39-AD38*AE38)/(AE37*AE39-AE38*AE38)) | AI12: ='4_Seq_Features'!A10 | AJ12: ='4_Seq_Features'!G10 | AK12: ='4_Seq_Features'!H10 | AL12: ='4_Seq_Features'!E10 | AM12: =$BD$14*((AJ12)-$BD$5)/$BD$6+$BD$15*((AK12)-$BD$7)/$BD$8+$BD$16 | AN12: =1/(1+EXP(-AM12)) | AO12: =$BE$14*((AJ12)-$BD$5)/$BD$6+$BE$15*((AK12)-$BD$7)/$BD$8+$BE$16 | AP12: =1/(1+EXP(-AO12)) | AQ12: =$BF$14*((AJ12)-$BD$5)/$BD$6+$BF$15*((AK12)-$BD$7)/$BD$8+$BF$16 | AR12: =1/(1+EXP(-AQ12)) | AS12: =$BG$14*((AJ12)-$BD$5)/$BD$6+$BG$15*((AK12)-$BD$7)/$BD$8+$BG$16 | AT12: =1/(1+EXP(-AS12)) | AU12: =$BH$14*((AJ12)-$BD$5)/$BD$6+$BH$15*((AK12)-$BD$7)/$BD$8+$BH$16 | AV12: =1/(1+EXP(-AU12)) | AW12: =$BI$14*((AJ12)-$BD$5)/$BD$6+$BI$15*((AK12)-$BD$7)/$BD$8+$BI$16 | AX12: =1/(1+EXP(-AW12)) | AY12: =$BJ$14*((AJ12)-$BD$5)/$BD$6+$BJ$15*((AK12)-$BD$7)/$BD$8+$BJ$16 | AZ12: =1/(1+EXP(-AY12)) | BA12: =$BK$14*((AJ12)-$BD$5)/$BD$6+$BK$15*((AK12)-$BD$7)/$BD$8+$BK$16 | BB12: =1/(1+EXP(-BA12)) | BC12: NEWTON ITERATIONS (start at 0; each column solves the penalized IRLS step from the previous)
A13: ='4_Seq_Features'!A11 | B13: ='4_Seq_Features'!F11 | C13: ='4_Seq_Features'!E11 | D13: =$U$12*((B13)-$U$5)/$U$6+$U$13 | E13: =1/(1+EXP(-D13)) | F13: =$V$12*((B13)-$U$5)/$U$6+$V$13 | G13: =1/(1+EXP(-F13)) | H13: =$W$12*((B13)-$U$5)/$U$6+$W$13 | I13: =1/(1+EXP(-H13)) | J13: =$X$12*((B13)-$U$5)/$U$6+$X$13 | K13: =1/(1+EXP(-J13)) | L13: =$Y$12*((B13)-$U$5)/$U$6+$Y$13 | M13: =1/(1+EXP(-L13)) | N13: =$Z$12*((B13)-$U$5)/$U$6+$Z$13 | O13: =1/(1+EXP(-N13)) | P13: =$AA$12*((B13)-$U$5)/$U$6+$AA$13 | Q13: =1/(1+EXP(-P13)) | R13: =$AB$12*((B13)-$U$5)/$U$6+$AB$13 | S13: =1/(1+EXP(-R13)) | T13: b (intercept) | U13: 0 | V13: =$U$13-((AD17*AE16-AD16*AE17)/(AE16*AE18-AE17*AE17)) | W13: =$V$13-((AD20*AE19-AD19*AE20)/(AE19*AE21-AE20*AE20)) | X13: =$W$13-((AD23*AE22-AD22*AE23)/(AE22*AE24-AE23*AE23)) | Y13: =$X$13-((AD26*AE25-AD25*AE26)/(AE25*AE27-AE26*AE26)) | Z13: =$Y$13-((AD29*AE28-AD28*AE29)/(AE28*AE30-AE29*AE29)) | AA13: =$Z$13-((AD32*AE31-AD31*AE32)/(AE31*AE33-AE32*AE32)) | AB13: =$AA$13-((AD35*AE34-AD34*AE35)/(AE34*AE36-AE35*AE35)) | AC13: =$AB$13-((AD38*AE37-AD37*AE38)/(AE37*AE39-AE38*AE38)) | AI13: ='4_Seq_Features'!A11 | AJ13: ='4_Seq_Features'!G11 | AK13: ='4_Seq_Features'!H11 | AL13: ='4_Seq_Features'!E11 | AM13: =$BD$14*((AJ13)-$BD$5)/$BD$6+$BD$15*((AK13)-$BD$7)/$BD$8+$BD$16 | AN13: =1/(1+EXP(-AM13)) | AO13: =$BE$14*((AJ13)-$BD$5)/$BD$6+$BE$15*((AK13)-$BD$7)/$BD$8+$BE$16 | AP13: =1/(1+EXP(-AO13)) | AQ13: =$BF$14*((AJ13)-$BD$5)/$BD$6+$BF$15*((AK13)-$BD$7)/$BD$8+$BF$16 | AR13: =1/(1+EXP(-AQ13)) | AS13: =$BG$14*((AJ13)-$BD$5)/$BD$6+$BG$15*((AK13)-$BD$7)/$BD$8+$BG$16 | AT13: =1/(1+EXP(-AS13)) | AU13: =$BH$14*((AJ13)-$BD$5)/$BD$6+$BH$15*((AK13)-$BD$7)/$BD$8+$BH$16 | AV13: =1/(1+EXP(-AU13)) | AW13: =$BI$14*((AJ13)-$BD$5)/$BD$6+$BI$15*((AK13)-$BD$7)/$BD$8+$BI$16 | AX13: =1/(1+EXP(-AW13)) | AY13: =$BJ$14*((AJ13)-$BD$5)/$BD$6+$BJ$15*((AK13)-$BD$7)/$BD$8+$BJ$16 | AZ13: =1/(1+EXP(-AY13)) | BA13: =$BK$14*((AJ13)-$BD$5)/$BD$6+$BK$15*((AK13)-$BD$7)/$BD$8+$BK$16 | BB13: =1/(1+EXP(-BA13)) | BC13: param | BD13: it 0 | BE13: it 1 | BF13: it 2 | BG13: it 3 | BH13: it 4 | BI13: it 5 | BJ13: it 6 | BK13: it 7 | BL13: it 8
A14: ='4_Seq_Features'!A12 | B14: ='4_Seq_Features'!F12 | C14: ='4_Seq_Features'!E12 | D14: =$U$12*((B14)-$U$5)/$U$6+$U$13 | E14: =1/(1+EXP(-D14)) | F14: =$V$12*((B14)-$U$5)/$U$6+$V$13 | G14: =1/(1+EXP(-F14)) | H14: =$W$12*((B14)-$U$5)/$U$6+$W$13 | I14: =1/(1+EXP(-H14)) | J14: =$X$12*((B14)-$U$5)/$U$6+$X$13 | K14: =1/(1+EXP(-J14)) | L14: =$Y$12*((B14)-$U$5)/$U$6+$Y$13 | M14: =1/(1+EXP(-L14)) | N14: =$Z$12*((B14)-$U$5)/$U$6+$Z$13 | O14: =1/(1+EXP(-N14)) | P14: =$AA$12*((B14)-$U$5)/$U$6+$AA$13 | Q14: =1/(1+EXP(-P14)) | R14: =$AB$12*((B14)-$U$5)/$U$6+$AB$13 | S14: =1/(1+EXP(-R14)) | AI14: ='4_Seq_Features'!A12 | AJ14: ='4_Seq_Features'!G12 | AK14: ='4_Seq_Features'!H12 | AL14: ='4_Seq_Features'!E12 | AM14: =$BD$14*((AJ14)-$BD$5)/$BD$6+$BD$15*((AK14)-$BD$7)/$BD$8+$BD$16 | AN14: =1/(1+EXP(-AM14)) | AO14: =$BE$14*((AJ14)-$BD$5)/$BD$6+$BE$15*((AK14)-$BD$7)/$BD$8+$BE$16 | AP14: =1/(1+EXP(-AO14)) | AQ14: =$BF$14*((AJ14)-$BD$5)/$BD$6+$BF$15*((AK14)-$BD$7)/$BD$8+$BF$16 | AR14: =1/(1+EXP(-AQ14)) | AS14: =$BG$14*((AJ14)-$BD$5)/$BD$6+$BG$15*((AK14)-$BD$7)/$BD$8+$BG$16 | AT14: =1/(1+EXP(-AS14)) | AU14: =$BH$14*((AJ14)-$BD$5)/$BD$6+$BH$15*((AK14)-$BD$7)/$BD$8+$BH$16 | AV14: =1/(1+EXP(-AU14)) | AW14: =$BI$14*((AJ14)-$BD$5)/$BD$6+$BI$15*((AK14)-$BD$7)/$BD$8+$BI$16 | AX14: =1/(1+EXP(-AW14)) | AY14: =$BJ$14*((AJ14)-$BD$5)/$BD$6+$BJ$15*((AK14)-$BD$7)/$BD$8+$BJ$16 | AZ14: =1/(1+EXP(-AY14)) | BA14: =$BK$14*((AJ14)-$BD$5)/$BD$6+$BK$15*((AK14)-$BD$7)/$BD$8+$BK$16 | BB14: =1/(1+EXP(-BA14)) | BC14: w_bt | BD14: 0 | BE14: =$BD$14-(((BN22*BN24-BN23*BN23)*BM19+(BN21*BN23-BN20*BN24)*BM20+(BN20*BN23-BN21*BN22)*BM21)/(BN19*(BN22*BN24-BN23*BN23)-BN20*(BN20*BN24-BN23*BN21)+BN21*(BN20*BN23-BN22*BN21))) | BF14: =$BE$14-(((BN31*BN33-BN32*BN32)*BM28+(BN30*BN32-BN29*BN33)*BM29+(BN29*BN32-BN30*BN31)*BM30)/(BN28*(BN31*BN33-BN32*BN32)-BN29*(BN29*BN33-BN32*BN30)+BN30*(BN29*BN32-BN31*BN30))) | BG14: =$BF$14-(((BN40*BN42-BN41*BN41)*BM37+(BN39*BN41-BN38*BN42)*BM38+(BN38*BN41-BN39*BN40)*BM39)/(BN37*(BN40*BN42-BN41*BN41)-BN38*(BN38*BN42-BN41*BN39)+BN39*(BN38*BN41-BN40*BN39))) | BH14: =$BG$14-(((BN49*BN51-BN50*BN50)*BM46+(BN48*BN50-BN47*BN51)*BM47+(BN47*BN50-BN48*BN49)*BM48)/(BN46*(BN49*BN51-BN50*BN50)-BN47*(BN47*BN51-BN50*BN48)+BN48*(BN47*BN50-BN49*BN48))) | BI14: =$BH$14-(((BN58*BN60-BN59*BN59)*BM55+(BN57*BN59-BN56*BN60)*BM56+(BN56*BN59-BN57*BN58)*BM57)/(BN55*(BN58*BN60-BN59*BN59)-BN56*(BN56*BN60-BN59*BN57)+BN57*(BN56*BN59-BN58*BN57))) | BJ14: =$BI$14-(((BN67*BN69-BN68*BN68)*BM64+(BN66*BN68-BN65*BN69)*BM65+(BN65*BN68-BN66*BN67)*BM66)/(BN64*(BN67*BN69-BN68*BN68)-BN65*(BN65*BN69-BN68*BN66)+BN66*(BN65*BN68-BN67*BN66))) | BK14: =$BJ$14-(((BN76*BN78-BN77*BN77)*BM73+(BN75*BN77-BN74*BN78)*BM74+(BN74*BN77-BN75*BN76)*BM75)/(BN73*(BN76*BN78-BN77*BN77)-BN74*(BN74*BN78-BN77*BN75)+BN75*(BN74*BN77-BN76*BN75))) | BL14: =$BK$14-(((BN85*BN87-BN86*BN86)*BM82+(BN84*BN86-BN83*BN87)*BM83+(BN83*BN86-BN84*BN85)*BM84)/(BN82*(BN85*BN87-BN86*BN86)-BN83*(BN83*BN87-BN86*BN84)+BN84*(BN83*BN86-BN85*BN84)))
A15: ='4_Seq_Features'!A13 | B15: ='4_Seq_Features'!F13 | C15: ='4_Seq_Features'!E13 | D15: =$U$12*((B15)-$U$5)/$U$6+$U$13 | E15: =1/(1+EXP(-D15)) | F15: =$V$12*((B15)-$U$5)/$U$6+$V$13 | G15: =1/(1+EXP(-F15)) | H15: =$W$12*((B15)-$U$5)/$U$6+$W$13 | I15: =1/(1+EXP(-H15)) | J15: =$X$12*((B15)-$U$5)/$U$6+$X$13 | K15: =1/(1+EXP(-J15)) | L15: =$Y$12*((B15)-$U$5)/$U$6+$Y$13 | M15: =1/(1+EXP(-L15)) | N15: =$Z$12*((B15)-$U$5)/$U$6+$Z$13 | O15: =1/(1+EXP(-N15)) | P15: =$AA$12*((B15)-$U$5)/$U$6+$AA$13 | Q15: =1/(1+EXP(-P15)) | R15: =$AB$12*((B15)-$U$5)/$U$6+$AB$13 | S15: =1/(1+EXP(-R15)) | T15: per-iteration gradient & Hessian (SUMPRODUCTs over all rows) and closed-form solve | AI15: ='4_Seq_Features'!A13 | AJ15: ='4_Seq_Features'!G13 | AK15: ='4_Seq_Features'!H13 | AL15: ='4_Seq_Features'!E13 | AM15: =$BD$14*((AJ15)-$BD$5)/$BD$6+$BD$15*((AK15)-$BD$7)/$BD$8+$BD$16 | AN15: =1/(1+EXP(-AM15)) | AO15: =$BE$14*((AJ15)-$BD$5)/$BD$6+$BE$15*((AK15)-$BD$7)/$BD$8+$BE$16 | AP15: =1/(1+EXP(-AO15)) | AQ15: =$BF$14*((AJ15)-$BD$5)/$BD$6+$BF$15*((AK15)-$BD$7)/$BD$8+$BF$16 | AR15: =1/(1+EXP(-AQ15)) | AS15: =$BG$14*((AJ15)-$BD$5)/$BD$6+$BG$15*((AK15)-$BD$7)/$BD$8+$BG$16 | AT15: =1/(1+EXP(-AS15)) | AU15: =$BH$14*((AJ15)-$BD$5)/$BD$6+$BH$15*((AK15)-$BD$7)/$BD$8+$BH$16 | AV15: =1/(1+EXP(-AU15)) | AW15: =$BI$14*((AJ15)-$BD$5)/$BD$6+$BI$15*((AK15)-$BD$7)/$BD$8+$BI$16 | AX15: =1/(1+EXP(-AW15)) | AY15: =$BJ$14*((AJ15)-$BD$5)/$BD$6+$BJ$15*((AK15)-$BD$7)/$BD$8+$BJ$16 | AZ15: =1/(1+EXP(-AY15)) | BA15: =$BK$14*((AJ15)-$BD$5)/$BD$6+$BK$15*((AK15)-$BD$7)/$BD$8+$BK$16 | BB15: =1/(1+EXP(-BA15)) | BC15: w_trend | BD15: 0 | BE15: =$BD$15-(((BN21*BN23-BN20*BN24)*BM19+(BN19*BN24-BN21*BN21)*BM20+(BN21*BN20-BN19*BN23)*BM21)/(BN19*(BN22*BN24-BN23*BN23)-BN20*(BN20*BN24-BN23*BN21)+BN21*(BN20*BN23-BN22*BN21))) | BF15: =$BE$15-(((BN30*BN32-BN29*BN33)*BM28+(BN28*BN33-BN30*BN30)*BM29+(BN30*BN29-BN28*BN32)*BM30)/(BN28*(BN31*BN33-BN32*BN32)-BN29*(BN29*BN33-BN32*BN30)+BN30*(BN29*BN32-BN31*BN30))) | BG15: =$BF$15-(((BN39*BN41-BN38*BN42)*BM37+(BN37*BN42-BN39*BN39)*BM38+(BN39*BN38-BN37*BN41)*BM39)/(BN37*(BN40*BN42-BN41*BN41)-BN38*(BN38*BN42-BN41*BN39)+BN39*(BN38*BN41-BN40*BN39))) | BH15: =$BG$15-(((BN48*BN50-BN47*BN51)*BM46+(BN46*BN51-BN48*BN48)*BM47+(BN48*BN47-BN46*BN50)*BM48)/(BN46*(BN49*BN51-BN50*BN50)-BN47*(BN47*BN51-BN50*BN48)+BN48*(BN47*BN50-BN49*BN48))) | BI15: =$BH$15-(((BN57*BN59-BN56*BN60)*BM55+(BN55*BN60-BN57*BN57)*BM56+(BN57*BN56-BN55*BN59)*BM57)/(BN55*(BN58*BN60-BN59*BN59)-BN56*(BN56*BN60-BN59*BN57)+BN57*(BN56*BN59-BN58*BN57))) | BJ15: =$BI$15-(((BN66*BN68-BN65*BN69)*BM64+(BN64*BN69-BN66*BN66)*BM65+(BN66*BN65-BN64*BN68)*BM66)/(BN64*(BN67*BN69-BN68*BN68)-BN65*(BN65*BN69-BN68*BN66)+BN66*(BN65*BN68-BN67*BN66))) | BK15: =$BJ$15-(((BN75*BN77-BN74*BN78)*BM73+(BN73*BN78-BN75*BN75)*BM74+(BN75*BN74-BN73*BN77)*BM75)/(BN73*(BN76*BN78-BN77*BN77)-BN74*(BN74*BN78-BN77*BN75)+BN75*(BN74*BN77-BN76*BN75))) | BL15: =$BK$15-(((BN84*BN86-BN83*BN87)*BM82+(BN82*BN87-BN84*BN84)*BM83+(BN84*BN83-BN82*BN86)*BM84)/(BN82*(BN85*BN87-BN86*BN86)-BN83*(BN83*BN87-BN86*BN84)+BN84*(BN83*BN86-BN85*BN84)))
A16: ='4_Seq_Features'!A14 | B16: ='4_Seq_Features'!F14 | C16: ='4_Seq_Features'!E14 | D16: =$U$12*((B16)-$U$5)/$U$6+$U$13 | E16: =1/(1+EXP(-D16)) | F16: =$V$12*((B16)-$U$5)/$U$6+$V$13 | G16: =1/(1+EXP(-F16)) | H16: =$W$12*((B16)-$U$5)/$U$6+$W$13 | I16: =1/(1+EXP(-H16)) | J16: =$X$12*((B16)-$U$5)/$U$6+$X$13 | K16: =1/(1+EXP(-J16)) | L16: =$Y$12*((B16)-$U$5)/$U$6+$Y$13 | M16: =1/(1+EXP(-L16)) | N16: =$Z$12*((B16)-$U$5)/$U$6+$Z$13 | O16: =1/(1+EXP(-N16)) | P16: =$AA$12*((B16)-$U$5)/$U$6+$AA$13 | Q16: =1/(1+EXP(-P16)) | R16: =$AB$12*((B16)-$U$5)/$U$6+$AB$13 | S16: =1/(1+EXP(-R16)) | AD16: =SUMPRODUCT((E$5:E$899-C$5:C$899)*((B$5:B$899-$U$5)/$U$6))*'2_Params'!$B$14+$U$12 | AE16: =SUMPRODUCT((E$5:E$899*(1-E$5:E$899))*((B$5:B$899-$U$5)/$U$6)*((B$5:B$899-$U$5)/$U$6))*'2_Params'!$B$14+1 | AI16: ='4_Seq_Features'!A14 | AJ16: ='4_Seq_Features'!G14 | AK16: ='4_Seq_Features'!H14 | AL16: ='4_Seq_Features'!E14 | AM16: =$BD$14*((AJ16)-$BD$5)/$BD$6+$BD$15*((AK16)-$BD$7)/$BD$8+$BD$16 | AN16: =1/(1+EXP(-AM16)) | AO16: =$BE$14*((AJ16)-$BD$5)/$BD$6+$BE$15*((AK16)-$BD$7)/$BD$8+$BE$16 | AP16: =1/(1+EXP(-AO16)) | AQ16: =$BF$14*((AJ16)-$BD$5)/$BD$6+$BF$15*((AK16)-$BD$7)/$BD$8+$BF$16 | AR16: =1/(1+EXP(-AQ16)) | AS16: =$BG$14*((AJ16)-$BD$5)/$BD$6+$BG$15*((AK16)-$BD$7)/$BD$8+$BG$16 | AT16: =1/(1+EXP(-AS16)) | AU16: =$BH$14*((AJ16)-$BD$5)/$BD$6+$BH$15*((AK16)-$BD$7)/$BD$8+$BH$16 | AV16: =1/(1+EXP(-AU16)) | AW16: =$BI$14*((AJ16)-$BD$5)/$BD$6+$BI$15*((AK16)-$BD$7)/$BD$8+$BI$16 | AX16: =1/(1+EXP(-AW16)) | AY16: =$BJ$14*((AJ16)-$BD$5)/$BD$6+$BJ$15*((AK16)-$BD$7)/$BD$8+$BJ$16 | AZ16: =1/(1+EXP(-AY16)) | BA16: =$BK$14*((AJ16)-$BD$5)/$BD$6+$BK$15*((AK16)-$BD$7)/$BD$8+$BK$16 | BB16: =1/(1+EXP(-BA16)) | BC16: b (intercept) | BD16: 0 | BE16: =$BD$16-(((BN20*BN23-BN21*BN22)*BM19+(BN21*BN20-BN19*BN23)*BM20+(BN19*BN22-BN20*BN20)*BM21)/(BN19*(BN22*BN24-BN23*BN23)-BN20*(BN20*BN24-BN23*BN21)+BN21*(BN20*BN23-BN22*BN21))) | BF16: =$BE$16-(((BN29*BN32-BN30*BN31)*BM28+(BN30*BN29-BN28*BN32)*BM29+(BN28*BN31-BN29*BN29)*BM30)/(BN28*(BN31*BN33-BN32*BN32)-BN29*(BN29*BN33-BN32*BN30)+BN30*(BN29*BN32-BN31*BN30))) | BG16: =$BF$16-(((BN38*BN41-BN39*BN40)*BM37+(BN39*BN38-BN37*BN41)*BM38+(BN37*BN40-BN38*BN38)*BM39)/(BN37*(BN40*BN42-BN41*BN41)-BN38*(BN38*BN42-BN41*BN39)+BN39*(BN38*BN41-BN40*BN39))) | BH16: =$BG$16-(((BN47*BN50-BN48*BN49)*BM46+(BN48*BN47-BN46*BN50)*BM47+(BN46*BN49-BN47*BN47)*BM48)/(BN46*(BN49*BN51-BN50*BN50)-BN47*(BN47*BN51-BN50*BN48)+BN48*(BN47*BN50-BN49*BN48))) | BI16: =$BH$16-(((BN56*BN59-BN57*BN58)*BM55+(BN57*BN56-BN55*BN59)*BM56+(BN55*BN58-BN56*BN56)*BM57)/(BN55*(BN58*BN60-BN59*BN59)-BN56*(BN56*BN60-BN59*BN57)+BN57*(BN56*BN59-BN58*BN57))) | BJ16: =$BI$16-(((BN65*BN68-BN66*BN67)*BM64+(BN66*BN65-BN64*BN68)*BM65+(BN64*BN67-BN65*BN65)*BM66)/(BN64*(BN67*BN69-BN68*BN68)-BN65*(BN65*BN69-BN68*BN66)+BN66*(BN65*BN68-BN67*BN66))) | BK16: =$BJ$16-(((BN74*BN77-BN75*BN76)*BM73+(BN75*BN74-BN73*BN77)*BM74+(BN73*BN76-BN74*BN74)*BM75)/(BN73*(BN76*BN78-BN77*BN77)-BN74*(BN74*BN78-BN77*BN75)+BN75*(BN74*BN77-BN76*BN75))) | BL16: =$BK$16-(((BN83*BN86-BN84*BN85)*BM82+(BN84*BN83-BN82*BN86)*BM83+(BN82*BN85-BN83*BN83)*BM84)/(BN82*(BN85*BN87-BN86*BN86)-BN83*(BN83*BN87-BN86*BN84)+BN84*(BN83*BN86-BN85*BN84)))
A17: ='4_Seq_Features'!A15 | B17: ='4_Seq_Features'!F15 | C17: ='4_Seq_Features'!E15 | D17: =$U$12*((B17)-$U$5)/$U$6+$U$13 | E17: =1/(1+EXP(-D17)) | F17: =$V$12*((B17)-$U$5)/$U$6+$V$13 | G17: =1/(1+EXP(-F17)) | H17: =$W$12*((B17)-$U$5)/$U$6+$W$13 | I17: =1/(1+EXP(-H17)) | J17: =$X$12*((B17)-$U$5)/$U$6+$X$13 | K17: =1/(1+EXP(-J17)) | L17: =$Y$12*((B17)-$U$5)/$U$6+$Y$13 | M17: =1/(1+EXP(-L17)) | N17: =$Z$12*((B17)-$U$5)/$U$6+$Z$13 | O17: =1/(1+EXP(-N17)) | P17: =$AA$12*((B17)-$U$5)/$U$6+$AA$13 | Q17: =1/(1+EXP(-P17)) | R17: =$AB$12*((B17)-$U$5)/$U$6+$AB$13 | S17: =1/(1+EXP(-R17)) | AD17: =SUMPRODUCT(E$5:E$899-C$5:C$899)*'2_Params'!$B$14+0 | AE17: =SUMPRODUCT((E$5:E$899*(1-E$5:E$899))*((B$5:B$899-$U$5)/$U$6)*1)*'2_Params'!$B$14 | AI17: ='4_Seq_Features'!A15 | AJ17: ='4_Seq_Features'!G15 | AK17: ='4_Seq_Features'!H15 | AL17: ='4_Seq_Features'!E15 | AM17: =$BD$14*((AJ17)-$BD$5)/$BD$6+$BD$15*((AK17)-$BD$7)/$BD$8+$BD$16 | AN17: =1/(1+EXP(-AM17)) | AO17: =$BE$14*((AJ17)-$BD$5)/$BD$6+$BE$15*((AK17)-$BD$7)/$BD$8+$BE$16 | AP17: =1/(1+EXP(-AO17)) | AQ17: =$BF$14*((AJ17)-$BD$5)/$BD$6+$BF$15*((AK17)-$BD$7)/$BD$8+$BF$16 | AR17: =1/(1+EXP(-AQ17)) | AS17: =$BG$14*((AJ17)-$BD$5)/$BD$6+$BG$15*((AK17)-$BD$7)/$BD$8+$BG$16 | AT17: =1/(1+EXP(-AS17)) | AU17: =$BH$14*((AJ17)-$BD$5)/$BD$6+$BH$15*((AK17)-$BD$7)/$BD$8+$BH$16 | AV17: =1/(1+EXP(-AU17)) | AW17: =$BI$14*((AJ17)-$BD$5)/$BD$6+$BI$15*((AK17)-$BD$7)/$BD$8+$BI$16 | AX17: =1/(1+EXP(-AW17)) | AY17: =$BJ$14*((AJ17)-$BD$5)/$BD$6+$BJ$15*((AK17)-$BD$7)/$BD$8+$BJ$16 | AZ17: =1/(1+EXP(-AY17)) | BA17: =$BK$14*((AJ17)-$BD$5)/$BD$6+$BK$15*((AK17)-$BD$7)/$BD$8+$BK$16 | BB17: =1/(1+EXP(-BA17))
A18: ='4_Seq_Features'!A16 | B18: ='4_Seq_Features'!F16 | C18: ='4_Seq_Features'!E16 | D18: =$U$12*((B18)-$U$5)/$U$6+$U$13 | E18: =1/(1+EXP(-D18)) | F18: =$V$12*((B18)-$U$5)/$U$6+$V$13 | G18: =1/(1+EXP(-F18)) | H18: =$W$12*((B18)-$U$5)/$U$6+$W$13 | I18: =1/(1+EXP(-H18)) | J18: =$X$12*((B18)-$U$5)/$U$6+$X$13 | K18: =1/(1+EXP(-J18)) | L18: =$Y$12*((B18)-$U$5)/$U$6+$Y$13 | M18: =1/(1+EXP(-L18)) | N18: =$Z$12*((B18)-$U$5)/$U$6+$Z$13 | O18: =1/(1+EXP(-N18)) | P18: =$AA$12*((B18)-$U$5)/$U$6+$AA$13 | Q18: =1/(1+EXP(-P18)) | R18: =$AB$12*((B18)-$U$5)/$U$6+$AB$13 | S18: =1/(1+EXP(-R18)) | AE18: =SUMPRODUCT((E$5:E$899*(1-E$5:E$899))*1*1)*'2_Params'!$B$14 | AI18: ='4_Seq_Features'!A16 | AJ18: ='4_Seq_Features'!G16 | AK18: ='4_Seq_Features'!H16 | AL18: ='4_Seq_Features'!E16 | AM18: =$BD$14*((AJ18)-$BD$5)/$BD$6+$BD$15*((AK18)-$BD$7)/$BD$8+$BD$16 | AN18: =1/(1+EXP(-AM18)) | AO18: =$BE$14*((AJ18)-$BD$5)/$BD$6+$BE$15*((AK18)-$BD$7)/$BD$8+$BE$16 | AP18: =1/(1+EXP(-AO18)) | AQ18: =$BF$14*((AJ18)-$BD$5)/$BD$6+$BF$15*((AK18)-$BD$7)/$BD$8+$BF$16 | AR18: =1/(1+EXP(-AQ18)) | AS18: =$BG$14*((AJ18)-$BD$5)/$BD$6+$BG$15*((AK18)-$BD$7)/$BD$8+$BG$16 | AT18: =1/(1+EXP(-AS18)) | AU18: =$BH$14*((AJ18)-$BD$5)/$BD$6+$BH$15*((AK18)-$BD$7)/$BD$8+$BH$16 | AV18: =1/(1+EXP(-AU18)) | AW18: =$BI$14*((AJ18)-$BD$5)/$BD$6+$BI$15*((AK18)-$BD$7)/$BD$8+$BI$16 | AX18: =1/(1+EXP(-AW18)) | AY18: =$BJ$14*((AJ18)-$BD$5)/$BD$6+$BJ$15*((AK18)-$BD$7)/$BD$8+$BJ$16 | AZ18: =1/(1+EXP(-AY18)) | BA18: =$BK$14*((AJ18)-$BD$5)/$BD$6+$BK$15*((AK18)-$BD$7)/$BD$8+$BK$16 | BB18: =1/(1+EXP(-BA18)) | BC18: per-iteration gradient & Hessian (SUMPRODUCTs over all rows) and closed-form solve
A19: ='4_Seq_Features'!A17 | B19: ='4_Seq_Features'!F17 | C19: ='4_Seq_Features'!E17 | D19: =$U$12*((B19)-$U$5)/$U$6+$U$13 | E19: =1/(1+EXP(-D19)) | F19: =$V$12*((B19)-$U$5)/$U$6+$V$13 | G19: =1/(1+EXP(-F19)) | H19: =$W$12*((B19)-$U$5)/$U$6+$W$13 | I19: =1/(1+EXP(-H19)) | J19: =$X$12*((B19)-$U$5)/$U$6+$X$13 | K19: =1/(1+EXP(-J19)) | L19: =$Y$12*((B19)-$U$5)/$U$6+$Y$13 | M19: =1/(1+EXP(-L19)) | N19: =$Z$12*((B19)-$U$5)/$U$6+$Z$13 | O19: =1/(1+EXP(-N19)) | P19: =$AA$12*((B19)-$U$5)/$U$6+$AA$13 | Q19: =1/(1+EXP(-P19)) | R19: =$AB$12*((B19)-$U$5)/$U$6+$AB$13 | S19: =1/(1+EXP(-R19)) | AD19: =SUMPRODUCT((G$5:G$899-C$5:C$899)*((B$5:B$899-$U$5)/$U$6))*'2_Params'!$B$14+$V$12 | AE19: =SUMPRODUCT((G$5:G$899*(1-G$5:G$899))*((B$5:B$899-$U$5)/$U$6)*((B$5:B$899-$U$5)/$U$6))*'2_Params'!$B$14+1 | AI19: ='4_Seq_Features'!A17 | AJ19: ='4_Seq_Features'!G17 | AK19: ='4_Seq_Features'!H17 | AL19: ='4_Seq_Features'!E17 | AM19: =$BD$14*((AJ19)-$BD$5)/$BD$6+$BD$15*((AK19)-$BD$7)/$BD$8+$BD$16 | AN19: =1/(1+EXP(-AM19)) | AO19: =$BE$14*((AJ19)-$BD$5)/$BD$6+$BE$15*((AK19)-$BD$7)/$BD$8+$BE$16 | AP19: =1/(1+EXP(-AO19)) | AQ19: =$BF$14*((AJ19)-$BD$5)/$BD$6+$BF$15*((AK19)-$BD$7)/$BD$8+$BF$16 | AR19: =1/(1+EXP(-AQ19)) | AS19: =$BG$14*((AJ19)-$BD$5)/$BD$6+$BG$15*((AK19)-$BD$7)/$BD$8+$BG$16 | AT19: =1/(1+EXP(-AS19)) | AU19: =$BH$14*((AJ19)-$BD$5)/$BD$6+$BH$15*((AK19)-$BD$7)/$BD$8+$BH$16 | AV19: =1/(1+EXP(-AU19)) | AW19: =$BI$14*((AJ19)-$BD$5)/$BD$6+$BI$15*((AK19)-$BD$7)/$BD$8+$BI$16 | AX19: =1/(1+EXP(-AW19)) | AY19: =$BJ$14*((AJ19)-$BD$5)/$BD$6+$BJ$15*((AK19)-$BD$7)/$BD$8+$BJ$16 | AZ19: =1/(1+EXP(-AY19)) | BA19: =$BK$14*((AJ19)-$BD$5)/$BD$6+$BK$15*((AK19)-$BD$7)/$BD$8+$BK$16 | BB19: =1/(1+EXP(-BA19)) | BM19: =SUMPRODUCT((AN$5:AN$899-AL$5:AL$899)*((AJ$5:AJ$899-$BD$5)/$BD$6))*'2_Params'!$B$15+$BD$14 | BN19: =SUMPRODUCT((AN$5:AN$899*(1-AN$5:AN$899))*((AJ$5:AJ$899-$BD$5)/$BD$6)*((AJ$5:AJ$899-$BD$5)/$BD$6))*'2_Params'!$B$15+1
A20: ='4_Seq_Features'!A18 | B20: ='4_Seq_Features'!F18 | C20: ='4_Seq_Features'!E18 | D20: =$U$12*((B20)-$U$5)/$U$6+$U$13 | E20: =1/(1+EXP(-D20)) | F20: =$V$12*((B20)-$U$5)/$U$6+$V$13 | G20: =1/(1+EXP(-F20)) | H20: =$W$12*((B20)-$U$5)/$U$6+$W$13 | I20: =1/(1+EXP(-H20)) | J20: =$X$12*((B20)-$U$5)/$U$6+$X$13 | K20: =1/(1+EXP(-J20)) | L20: =$Y$12*((B20)-$U$5)/$U$6+$Y$13 | M20: =1/(1+EXP(-L20)) | N20: =$Z$12*((B20)-$U$5)/$U$6+$Z$13 | O20: =1/(1+EXP(-N20)) | P20: =$AA$12*((B20)-$U$5)/$U$6+$AA$13 | Q20: =1/(1+EXP(-P20)) | R20: =$AB$12*((B20)-$U$5)/$U$6+$AB$13 | S20: =1/(1+EXP(-R20)) | AD20: =SUMPRODUCT(G$5:G$899-C$5:C$899)*'2_Params'!$B$14+0 | AE20: =SUMPRODUCT((G$5:G$899*(1-G$5:G$899))*((B$5:B$899-$U$5)/$U$6)*1)*'2_Params'!$B$14 | AI20: ='4_Seq_Features'!A18 | AJ20: ='4_Seq_Features'!G18 | AK20: ='4_Seq_Features'!H18 | AL20: ='4_Seq_Features'!E18 | AM20: =$BD$14*((AJ20)-$BD$5)/$BD$6+$BD$15*((AK20)-$BD$7)/$BD$8+$BD$16 | AN20: =1/(1+EXP(-AM20)) | AO20: =$BE$14*((AJ20)-$BD$5)/$BD$6+$BE$15*((AK20)-$BD$7)/$BD$8+$BE$16 | AP20: =1/(1+EXP(-AO20)) | AQ20: =$BF$14*((AJ20)-$BD$5)/$BD$6+$BF$15*((AK20)-$BD$7)/$BD$8+$BF$16 | AR20: =1/(1+EXP(-AQ20)) | AS20: =$BG$14*((AJ20)-$BD$5)/$BD$6+$BG$15*((AK20)-$BD$7)/$BD$8+$BG$16 | AT20: =1/(1+EXP(-AS20)) | AU20: =$BH$14*((AJ20)-$BD$5)/$BD$6+$BH$15*((AK20)-$BD$7)/$BD$8+$BH$16 | AV20: =1/(1+EXP(-AU20)) | AW20: =$BI$14*((AJ20)-$BD$5)/$BD$6+$BI$15*((AK20)-$BD$7)/$BD$8+$BI$16 | AX20: =1/(1+EXP(-AW20)) | AY20: =$BJ$14*((AJ20)-$BD$5)/$BD$6+$BJ$15*((AK20)-$BD$7)/$BD$8+$BJ$16 | AZ20: =1/(1+EXP(-AY20)) | BA20: =$BK$14*((AJ20)-$BD$5)/$BD$6+$BK$15*((AK20)-$BD$7)/$BD$8+$BK$16 | BB20: =1/(1+EXP(-BA20)) | BM20: =SUMPRODUCT((AN$5:AN$899-AL$5:AL$899)*((AK$5:AK$899-$BD$7)/$BD$8))*'2_Params'!$B$15+$BD$15 | BN20: =SUMPRODUCT((AN$5:AN$899*(1-AN$5:AN$899))*((AJ$5:AJ$899-$BD$5)/$BD$6)*((AK$5:AK$899-$BD$7)/$BD$8))*'2_Params'!$B$15
A21: ='4_Seq_Features'!A19 | B21: ='4_Seq_Features'!F19 | C21: ='4_Seq_Features'!E19 | D21: =$U$12*((B21)-$U$5)/$U$6+$U$13 | E21: =1/(1+EXP(-D21)) | F21: =$V$12*((B21)-$U$5)/$U$6+$V$13 | G21: =1/(1+EXP(-F21)) | H21: =$W$12*((B21)-$U$5)/$U$6+$W$13 | I21: =1/(1+EXP(-H21)) | J21: =$X$12*((B21)-$U$5)/$U$6+$X$13 | K21: =1/(1+EXP(-J21)) | L21: =$Y$12*((B21)-$U$5)/$U$6+$Y$13 | M21: =1/(1+EXP(-L21)) | N21: =$Z$12*((B21)-$U$5)/$U$6+$Z$13 | O21: =1/(1+EXP(-N21)) | P21: =$AA$12*((B21)-$U$5)/$U$6+$AA$13 | Q21: =1/(1+EXP(-P21)) | R21: =$AB$12*((B21)-$U$5)/$U$6+$AB$13 | S21: =1/(1+EXP(-R21)) | AE21: =SUMPRODUCT((G$5:G$899*(1-G$5:G$899))*1*1)*'2_Params'!$B$14 | AI21: ='4_Seq_Features'!A19 | AJ21: ='4_Seq_Features'!G19 | AK21: ='4_Seq_Features'!H19 | AL21: ='4_Seq_Features'!E19 | AM21: =$BD$14*((AJ21)-$BD$5)/$BD$6+$BD$15*((AK21)-$BD$7)/$BD$8+$BD$16 | AN21: =1/(1+EXP(-AM21)) | AO21: =$BE$14*((AJ21)-$BD$5)/$BD$6+$BE$15*((AK21)-$BD$7)/$BD$8+$BE$16 | AP21: =1/(1+EXP(-AO21)) | AQ21: =$BF$14*((AJ21)-$BD$5)/$BD$6+$BF$15*((AK21)-$BD$7)/$BD$8+$BF$16 | AR21: =1/(1+EXP(-AQ21)) | AS21: =$BG$14*((AJ21)-$BD$5)/$BD$6+$BG$15*((AK21)-$BD$7)/$BD$8+$BG$16 | AT21: =1/(1+EXP(-AS21)) | AU21: =$BH$14*((AJ21)-$BD$5)/$BD$6+$BH$15*((AK21)-$BD$7)/$BD$8+$BH$16 | AV21: =1/(1+EXP(-AU21)) | AW21: =$BI$14*((AJ21)-$BD$5)/$BD$6+$BI$15*((AK21)-$BD$7)/$BD$8+$BI$16 | AX21: =1/(1+EXP(-AW21)) | AY21: =$BJ$14*((AJ21)-$BD$5)/$BD$6+$BJ$15*((AK21)-$BD$7)/$BD$8+$BJ$16 | AZ21: =1/(1+EXP(-AY21)) | BA21: =$BK$14*((AJ21)-$BD$5)/$BD$6+$BK$15*((AK21)-$BD$7)/$BD$8+$BK$16 | BB21: =1/(1+EXP(-BA21)) | BM21: =SUMPRODUCT(AN$5:AN$899-AL$5:AL$899)*'2_Params'!$B$15+0 | BN21: =SUMPRODUCT((AN$5:AN$899*(1-AN$5:AN$899))*((AJ$5:AJ$899-$BD$5)/$BD$6)*1)*'2_Params'!$B$15
A22: ='4_Seq_Features'!A20 | B22: ='4_Seq_Features'!F20 | C22: ='4_Seq_Features'!E20 | D22: =$U$12*((B22)-$U$5)/$U$6+$U$13 | E22: =1/(1+EXP(-D22)) | F22: =$V$12*((B22)-$U$5)/$U$6+$V$13 | G22: =1/(1+EXP(-F22)) | H22: =$W$12*((B22)-$U$5)/$U$6+$W$13 | I22: =1/(1+EXP(-H22)) | J22: =$X$12*((B22)-$U$5)/$U$6+$X$13 | K22: =1/(1+EXP(-J22)) | L22: =$Y$12*((B22)-$U$5)/$U$6+$Y$13 | M22: =1/(1+EXP(-L22)) | N22: =$Z$12*((B22)-$U$5)/$U$6+$Z$13 | O22: =1/(1+EXP(-N22)) | P22: =$AA$12*((B22)-$U$5)/$U$6+$AA$13 | Q22: =1/(1+EXP(-P22)) | R22: =$AB$12*((B22)-$U$5)/$U$6+$AB$13 | S22: =1/(1+EXP(-R22)) | AD22: =SUMPRODUCT((I$5:I$899-C$5:C$899)*((B$5:B$899-$U$5)/$U$6))*'2_Params'!$B$14+$W$12 | AE22: =SUMPRODUCT((I$5:I$899*(1-I$5:I$899))*((B$5:B$899-$U$5)/$U$6)*((B$5:B$899-$U$5)/$U$6))*'2_Params'!$B$14+1 | AI22: ='4_Seq_Features'!A20 | AJ22: ='4_Seq_Features'!G20 | AK22: ='4_Seq_Features'!H20 | AL22: ='4_Seq_Features'!E20 | AM22: =$BD$14*((AJ22)-$BD$5)/$BD$6+$BD$15*((AK22)-$BD$7)/$BD$8+$BD$16 | AN22: =1/(1+EXP(-AM22)) | AO22: =$BE$14*((AJ22)-$BD$5)/$BD$6+$BE$15*((AK22)-$BD$7)/$BD$8+$BE$16 | AP22: =1/(1+EXP(-AO22)) | AQ22: =$BF$14*((AJ22)-$BD$5)/$BD$6+$BF$15*((AK22)-$BD$7)/$BD$8+$BF$16 | AR22: =1/(1+EXP(-AQ22)) | AS22: =$BG$14*((AJ22)-$BD$5)/$BD$6+$BG$15*((AK22)-$BD$7)/$BD$8+$BG$16 | AT22: =1/(1+EXP(-AS22)) | AU22: =$BH$14*((AJ22)-$BD$5)/$BD$6+$BH$15*((AK22)-$BD$7)/$BD$8+$BH$16 | AV22: =1/(1+EXP(-AU22)) | AW22: =$BI$14*((AJ22)-$BD$5)/$BD$6+$BI$15*((AK22)-$BD$7)/$BD$8+$BI$16 | AX22: =1/(1+EXP(-AW22)) | AY22: =$BJ$14*((AJ22)-$BD$5)/$BD$6+$BJ$15*((AK22)-$BD$7)/$BD$8+$BJ$16 | AZ22: =1/(1+EXP(-AY22)) | BA22: =$BK$14*((AJ22)-$BD$5)/$BD$6+$BK$15*((AK22)-$BD$7)/$BD$8+$BK$16 | BB22: =1/(1+EXP(-BA22)) | BN22: =SUMPRODUCT((AN$5:AN$899*(1-AN$5:AN$899))*((AK$5:AK$899-$BD$7)/$BD$8)*((AK$5:AK$899-$BD$7)/$BD$8))*'2_Params'!$B$15+1
A23: ='4_Seq_Features'!A21 | B23: ='4_Seq_Features'!F21 | C23: ='4_Seq_Features'!E21 | D23: =$U$12*((B23)-$U$5)/$U$6+$U$13 | E23: =1/(1+EXP(-D23)) | F23: =$V$12*((B23)-$U$5)/$U$6+$V$13 | G23: =1/(1+EXP(-F23)) | H23: =$W$12*((B23)-$U$5)/$U$6+$W$13 | I23: =1/(1+EXP(-H23)) | J23: =$X$12*((B23)-$U$5)/$U$6+$X$13 | K23: =1/(1+EXP(-J23)) | L23: =$Y$12*((B23)-$U$5)/$U$6+$Y$13 | M23: =1/(1+EXP(-L23)) | N23: =$Z$12*((B23)-$U$5)/$U$6+$Z$13 | O23: =1/(1+EXP(-N23)) | P23: =$AA$12*((B23)-$U$5)/$U$6+$AA$13 | Q23: =1/(1+EXP(-P23)) | R23: =$AB$12*((B23)-$U$5)/$U$6+$AB$13 | S23: =1/(1+EXP(-R23)) | AD23: =SUMPRODUCT(I$5:I$899-C$5:C$899)*'2_Params'!$B$14+0 | AE23: =SUMPRODUCT((I$5:I$899*(1-I$5:I$899))*((B$5:B$899-$U$5)/$U$6)*1)*'2_Params'!$B$14 | AI23: ='4_Seq_Features'!A21 | AJ23: ='4_Seq_Features'!G21 | AK23: ='4_Seq_Features'!H21 | AL23: ='4_Seq_Features'!E21 | AM23: =$BD$14*((AJ23)-$BD$5)/$BD$6+$BD$15*((AK23)-$BD$7)/$BD$8+$BD$16 | AN23: =1/(1+EXP(-AM23)) | AO23: =$BE$14*((AJ23)-$BD$5)/$BD$6+$BE$15*((AK23)-$BD$7)/$BD$8+$BE$16 | AP23: =1/(1+EXP(-AO23)) | AQ23: =$BF$14*((AJ23)-$BD$5)/$BD$6+$BF$15*((AK23)-$BD$7)/$BD$8+$BF$16 | AR23: =1/(1+EXP(-AQ23)) | AS23: =$BG$14*((AJ23)-$BD$5)/$BD$6+$BG$15*((AK23)-$BD$7)/$BD$8+$BG$16 | AT23: =1/(1+EXP(-AS23)) | AU23: =$BH$14*((AJ23)-$BD$5)/$BD$6+$BH$15*((AK23)-$BD$7)/$BD$8+$BH$16 | AV23: =1/(1+EXP(-AU23)) | AW23: =$BI$14*((AJ23)-$BD$5)/$BD$6+$BI$15*((AK23)-$BD$7)/$BD$8+$BI$16 | AX23: =1/(1+EXP(-AW23)) | AY23: =$BJ$14*((AJ23)-$BD$5)/$BD$6+$BJ$15*((AK23)-$BD$7)/$BD$8+$BJ$16 | AZ23: =1/(1+EXP(-AY23)) | BA23: =$BK$14*((AJ23)-$BD$5)/$BD$6+$BK$15*((AK23)-$BD$7)/$BD$8+$BK$16 | BB23: =1/(1+EXP(-BA23)) | BN23: =SUMPRODUCT((AN$5:AN$899*(1-AN$5:AN$899))*((AK$5:AK$899-$BD$7)/$BD$8)*1)*'2_Params'!$B$15
A24: ='4_Seq_Features'!A22 | B24: ='4_Seq_Features'!F22 | C24: ='4_Seq_Features'!E22 | D24: =$U$12*((B24)-$U$5)/$U$6+$U$13 | E24: =1/(1+EXP(-D24)) | F24: =$V$12*((B24)-$U$5)/$U$6+$V$13 | G24: =1/(1+EXP(-F24)) | H24: =$W$12*((B24)-$U$5)/$U$6+$W$13 | I24: =1/(1+EXP(-H24)) | J24: =$X$12*((B24)-$U$5)/$U$6+$X$13 | K24: =1/(1+EXP(-J24)) | L24: =$Y$12*((B24)-$U$5)/$U$6+$Y$13 | M24: =1/(1+EXP(-L24)) | N24: =$Z$12*((B24)-$U$5)/$U$6+$Z$13 | O24: =1/(1+EXP(-N24)) | P24: =$AA$12*((B24)-$U$5)/$U$6+$AA$13 | Q24: =1/(1+EXP(-P24)) | R24: =$AB$12*((B24)-$U$5)/$U$6+$AB$13 | S24: =1/(1+EXP(-R24)) | AE24: =SUMPRODUCT((I$5:I$899*(1-I$5:I$899))*1*1)*'2_Params'!$B$14 | AI24: ='4_Seq_Features'!A22 | AJ24: ='4_Seq_Features'!G22 | AK24: ='4_Seq_Features'!H22 | AL24: ='4_Seq_Features'!E22 | AM24: =$BD$14*((AJ24)-$BD$5)/$BD$6+$BD$15*((AK24)-$BD$7)/$BD$8+$BD$16 | AN24: =1/(1+EXP(-AM24)) | AO24: =$BE$14*((AJ24)-$BD$5)/$BD$6+$BE$15*((AK24)-$BD$7)/$BD$8+$BE$16 | AP24: =1/(1+EXP(-AO24)) | AQ24: =$BF$14*((AJ24)-$BD$5)/$BD$6+$BF$15*((AK24)-$BD$7)/$BD$8+$BF$16 | AR24: =1/(1+EXP(-AQ24)) | AS24: =$BG$14*((AJ24)-$BD$5)/$BD$6+$BG$15*((AK24)-$BD$7)/$BD$8+$BG$16 | AT24: =1/(1+EXP(-AS24)) | AU24: =$BH$14*((AJ24)-$BD$5)/$BD$6+$BH$15*((AK24)-$BD$7)/$BD$8+$BH$16 | AV24: =1/(1+EXP(-AU24)) | AW24: =$BI$14*((AJ24)-$BD$5)/$BD$6+$BI$15*((AK24)-$BD$7)/$BD$8+$BI$16 | AX24: =1/(1+EXP(-AW24)) | AY24: =$BJ$14*((AJ24)-$BD$5)/$BD$6+$BJ$15*((AK24)-$BD$7)/$BD$8+$BJ$16 | AZ24: =1/(1+EXP(-AY24)) | BA24: =$BK$14*((AJ24)-$BD$5)/$BD$6+$BK$15*((AK24)-$BD$7)/$BD$8+$BK$16 | BB24: =1/(1+EXP(-BA24)) | BN24: =SUMPRODUCT((AN$5:AN$899*(1-AN$5:AN$899))*1*1)*'2_Params'!$B$15
A25: ='4_Seq_Features'!A23 | B25: ='4_Seq_Features'!F23 | C25: ='4_Seq_Features'!E23 | D25: =$U$12*((B25)-$U$5)/$U$6+$U$13 | E25: =1/(1+EXP(-D25)) | F25: =$V$12*((B25)-$U$5)/$U$6+$V$13 | G25: =1/(1+EXP(-F25)) | H25: =$W$12*((B25)-$U$5)/$U$6+$W$13 | I25: =1/(1+EXP(-H25)) | J25: =$X$12*((B25)-$U$5)/$U$6+$X$13 | K25: =1/(1+EXP(-J25)) | L25: =$Y$12*((B25)-$U$5)/$U$6+$Y$13 | M25: =1/(1+EXP(-L25)) | N25: =$Z$12*((B25)-$U$5)/$U$6+$Z$13 | O25: =1/(1+EXP(-N25)) | P25: =$AA$12*((B25)-$U$5)/$U$6+$AA$13 | Q25: =1/(1+EXP(-P25)) | R25: =$AB$12*((B25)-$U$5)/$U$6+$AB$13 | S25: =1/(1+EXP(-R25)) | AD25: =SUMPRODUCT((K$5:K$899-C$5:C$899)*((B$5:B$899-$U$5)/$U$6))*'2_Params'!$B$14+$X$12 | AE25: =SUMPRODUCT((K$5:K$899*(1-K$5:K$899))*((B$5:B$899-$U$5)/$U$6)*((B$5:B$899-$U$5)/$U$6))*'2_Params'!$B$14+1 | AI25: ='4_Seq_Features'!A23 | AJ25: ='4_Seq_Features'!G23 | AK25: ='4_Seq_Features'!H23 | AL25: ='4_Seq_Features'!E23 | AM25: =$BD$14*((AJ25)-$BD$5)/$BD$6+$BD$15*((AK25)-$BD$7)/$BD$8+$BD$16 | AN25: =1/(1+EXP(-AM25)) | AO25: =$BE$14*((AJ25)-$BD$5)/$BD$6+$BE$15*((AK25)-$BD$7)/$BD$8+$BE$16 | AP25: =1/(1+EXP(-AO25)) | AQ25: =$BF$14*((AJ25)-$BD$5)/$BD$6+$BF$15*((AK25)-$BD$7)/$BD$8+$BF$16 | AR25: =1/(1+EXP(-AQ25)) | AS25: =$BG$14*((AJ25)-$BD$5)/$BD$6+$BG$15*((AK25)-$BD$7)/$BD$8+$BG$16 | AT25: =1/(1+EXP(-AS25)) | AU25: =$BH$14*((AJ25)-$BD$5)/$BD$6+$BH$15*((AK25)-$BD$7)/$BD$8+$BH$16 | AV25: =1/(1+EXP(-AU25)) | AW25: =$BI$14*((AJ25)-$BD$5)/$BD$6+$BI$15*((AK25)-$BD$7)/$BD$8+$BI$16 | AX25: =1/(1+EXP(-AW25)) | AY25: =$BJ$14*((AJ25)-$BD$5)/$BD$6+$BJ$15*((AK25)-$BD$7)/$BD$8+$BJ$16 | AZ25: =1/(1+EXP(-AY25)) | BA25: =$BK$14*((AJ25)-$BD$5)/$BD$6+$BK$15*((AK25)-$BD$7)/$BD$8+$BK$16 | BB25: =1/(1+EXP(-BA25))
A26: ='4_Seq_Features'!A24 | B26: ='4_Seq_Features'!F24 | C26: ='4_Seq_Features'!E24 | D26: =$U$12*((B26)-$U$5)/$U$6+$U$13 | E26: =1/(1+EXP(-D26)) | F26: =$V$12*((B26)-$U$5)/$U$6+$V$13 | G26: =1/(1+EXP(-F26)) | H26: =$W$12*((B26)-$U$5)/$U$6+$W$13 | I26: =1/(1+EXP(-H26)) | J26: =$X$12*((B26)-$U$5)/$U$6+$X$13 | K26: =1/(1+EXP(-J26)) | L26: =$Y$12*((B26)-$U$5)/$U$6+$Y$13 | M26: =1/(1+EXP(-L26)) | N26: =$Z$12*((B26)-$U$5)/$U$6+$Z$13 | O26: =1/(1+EXP(-N26)) | P26: =$AA$12*((B26)-$U$5)/$U$6+$AA$13 | Q26: =1/(1+EXP(-P26)) | R26: =$AB$12*((B26)-$U$5)/$U$6+$AB$13 | S26: =1/(1+EXP(-R26)) | AD26: =SUMPRODUCT(K$5:K$899-C$5:C$899)*'2_Params'!$B$14+0 | AE26: =SUMPRODUCT((K$5:K$899*(1-K$5:K$899))*((B$5:B$899-$U$5)/$U$6)*1)*'2_Params'!$B$14 | AI26: ='4_Seq_Features'!A24 | AJ26: ='4_Seq_Features'!G24 | AK26: ='4_Seq_Features'!H24 | AL26: ='4_Seq_Features'!E24 | AM26: =$BD$14*((AJ26)-$BD$5)/$BD$6+$BD$15*((AK26)-$BD$7)/$BD$8+$BD$16 | AN26: =1/(1+EXP(-AM26)) | AO26: =$BE$14*((AJ26)-$BD$5)/$BD$6+$BE$15*((AK26)-$BD$7)/$BD$8+$BE$16 | AP26: =1/(1+EXP(-AO26)) | AQ26: =$BF$14*((AJ26)-$BD$5)/$BD$6+$BF$15*((AK26)-$BD$7)/$BD$8+$BF$16 | AR26: =1/(1+EXP(-AQ26)) | AS26: =$BG$14*((AJ26)-$BD$5)/$BD$6+$BG$15*((AK26)-$BD$7)/$BD$8+$BG$16 | AT26: =1/(1+EXP(-AS26)) | AU26: =$BH$14*((AJ26)-$BD$5)/$BD$6+$BH$15*((AK26)-$BD$7)/$BD$8+$BH$16 | AV26: =1/(1+EXP(-AU26)) | AW26: =$BI$14*((AJ26)-$BD$5)/$BD$6+$BI$15*((AK26)-$BD$7)/$BD$8+$BI$16 | AX26: =1/(1+EXP(-AW26)) | AY26: =$BJ$14*((AJ26)-$BD$5)/$BD$6+$BJ$15*((AK26)-$BD$7)/$BD$8+$BJ$16 | AZ26: =1/(1+EXP(-AY26)) | BA26: =$BK$14*((AJ26)-$BD$5)/$BD$6+$BK$15*((AK26)-$BD$7)/$BD$8+$BK$16 | BB26: =1/(1+EXP(-BA26))
A27: ='4_Seq_Features'!A25 | B27: ='4_Seq_Features'!F25 | C27: ='4_Seq_Features'!E25 | D27: =$U$12*((B27)-$U$5)/$U$6+$U$13 | E27: =1/(1+EXP(-D27)) | F27: =$V$12*((B27)-$U$5)/$U$6+$V$13 | G27: =1/(1+EXP(-F27)) | H27: =$W$12*((B27)-$U$5)/$U$6+$W$13 | I27: =1/(1+EXP(-H27)) | J27: =$X$12*((B27)-$U$5)/$U$6+$X$13 | K27: =1/(1+EXP(-J27)) | L27: =$Y$12*((B27)-$U$5)/$U$6+$Y$13 | M27: =1/(1+EXP(-L27)) | N27: =$Z$12*((B27)-$U$5)/$U$6+$Z$13 | O27: =1/(1+EXP(-N27)) | P27: =$AA$12*((B27)-$U$5)/$U$6+$AA$13 | Q27: =1/(1+EXP(-P27)) | R27: =$AB$12*((B27)-$U$5)/$U$6+$AB$13 | S27: =1/(1+EXP(-R27)) | AE27: =SUMPRODUCT((K$5:K$899*(1-K$5:K$899))*1*1)*'2_Params'!$B$14 | AI27: ='4_Seq_Features'!A25 | AJ27: ='4_Seq_Features'!G25 | AK27: ='4_Seq_Features'!H25 | AL27: ='4_Seq_Features'!E25 | AM27: =$BD$14*((AJ27)-$BD$5)/$BD$6+$BD$15*((AK27)-$BD$7)/$BD$8+$BD$16 | AN27: =1/(1+EXP(-AM27)) | AO27: =$BE$14*((AJ27)-$BD$5)/$BD$6+$BE$15*((AK27)-$BD$7)/$BD$8+$BE$16 | AP27: =1/(1+EXP(-AO27)) | AQ27: =$BF$14*((AJ27)-$BD$5)/$BD$6+$BF$15*((AK27)-$BD$7)/$BD$8+$BF$16 | AR27: =1/(1+EXP(-AQ27)) | AS27: =$BG$14*((AJ27)-$BD$5)/$BD$6+$BG$15*((AK27)-$BD$7)/$BD$8+$BG$16 | AT27: =1/(1+EXP(-AS27)) | AU27: =$BH$14*((AJ27)-$BD$5)/$BD$6+$BH$15*((AK27)-$BD$7)/$BD$8+$BH$16 | AV27: =1/(1+EXP(-AU27)) | AW27: =$BI$14*((AJ27)-$BD$5)/$BD$6+$BI$15*((AK27)-$BD$7)/$BD$8+$BI$16 | AX27: =1/(1+EXP(-AW27)) | AY27: =$BJ$14*((AJ27)-$BD$5)/$BD$6+$BJ$15*((AK27)-$BD$7)/$BD$8+$BJ$16 | AZ27: =1/(1+EXP(-AY27)) | BA27: =$BK$14*((AJ27)-$BD$5)/$BD$6+$BK$15*((AK27)-$BD$7)/$BD$8+$BK$16 | BB27: =1/(1+EXP(-BA27))
A28: ='4_Seq_Features'!A26 | B28: ='4_Seq_Features'!F26 | C28: ='4_Seq_Features'!E26 | D28: =$U$12*((B28)-$U$5)/$U$6+$U$13 | E28: =1/(1+EXP(-D28)) | F28: =$V$12*((B28)-$U$5)/$U$6+$V$13 | G28: =1/(1+EXP(-F28)) | H28: =$W$12*((B28)-$U$5)/$U$6+$W$13 | I28: =1/(1+EXP(-H28)) | J28: =$X$12*((B28)-$U$5)/$U$6+$X$13 | K28: =1/(1+EXP(-J28)) | L28: =$Y$12*((B28)-$U$5)/$U$6+$Y$13 | M28: =1/(1+EXP(-L28)) | N28: =$Z$12*((B28)-$U$5)/$U$6+$Z$13 | O28: =1/(1+EXP(-N28)) | P28: =$AA$12*((B28)-$U$5)/$U$6+$AA$13 | Q28: =1/(1+EXP(-P28)) | R28: =$AB$12*((B28)-$U$5)/$U$6+$AB$13 | S28: =1/(1+EXP(-R28)) | AD28: =SUMPRODUCT((M$5:M$899-C$5:C$899)*((B$5:B$899-$U$5)/$U$6))*'2_Params'!$B$14+$Y$12 | AE28: =SUMPRODUCT((M$5:M$899*(1-M$5:M$899))*((B$5:B$899-$U$5)/$U$6)*((B$5:B$899-$U$5)/$U$6))*'2_Params'!$B$14+1 | AI28: ='4_Seq_Features'!A26 | AJ28: ='4_Seq_Features'!G26 | AK28: ='4_Seq_Features'!H26 | AL28: ='4_Seq_Features'!E26 | AM28: =$BD$14*((AJ28)-$BD$5)/$BD$6+$BD$15*((AK28)-$BD$7)/$BD$8+$BD$16 | AN28: =1/(1+EXP(-AM28)) | AO28: =$BE$14*((AJ28)-$BD$5)/$BD$6+$BE$15*((AK28)-$BD$7)/$BD$8+$BE$16 | AP28: =1/(1+EXP(-AO28)) | AQ28: =$BF$14*((AJ28)-$BD$5)/$BD$6+$BF$15*((AK28)-$BD$7)/$BD$8+$BF$16 | AR28: =1/(1+EXP(-AQ28)) | AS28: =$BG$14*((AJ28)-$BD$5)/$BD$6+$BG$15*((AK28)-$BD$7)/$BD$8+$BG$16 | AT28: =1/(1+EXP(-AS28)) | AU28: =$BH$14*((AJ28)-$BD$5)/$BD$6+$BH$15*((AK28)-$BD$7)/$BD$8+$BH$16 | AV28: =1/(1+EXP(-AU28)) | AW28: =$BI$14*((AJ28)-$BD$5)/$BD$6+$BI$15*((AK28)-$BD$7)/$BD$8+$BI$16 | AX28: =1/(1+EXP(-AW28)) | AY28: =$BJ$14*((AJ28)-$BD$5)/$BD$6+$BJ$15*((AK28)-$BD$7)/$BD$8+$BJ$16 | AZ28: =1/(1+EXP(-AY28)) | BA28: =$BK$14*((AJ28)-$BD$5)/$BD$6+$BK$15*((AK28)-$BD$7)/$BD$8+$BK$16 | BB28: =1/(1+EXP(-BA28)) | BM28: =SUMPRODUCT((AP$5:AP$899-AL$5:AL$899)*((AJ$5:AJ$899-$BD$5)/$BD$6))*'2_Params'!$B$15+$BE$14 | BN28: =SUMPRODUCT((AP$5:AP$899*(1-AP$5:AP$899))*((AJ$5:AJ$899-$BD$5)/$BD$6)*((AJ$5:AJ$899-$BD$5)/$BD$6))*'2_Params'!$B$15+1
A29: ='4_Seq_Features'!A27 | B29: ='4_Seq_Features'!F27 | C29: ='4_Seq_Features'!E27 | D29: =$U$12*((B29)-$U$5)/$U$6+$U$13 | E29: =1/(1+EXP(-D29)) | F29: =$V$12*((B29)-$U$5)/$U$6+$V$13 | G29: =1/(1+EXP(-F29)) | H29: =$W$12*((B29)-$U$5)/$U$6+$W$13 | I29: =1/(1+EXP(-H29)) | J29: =$X$12*((B29)-$U$5)/$U$6+$X$13 | K29: =1/(1+EXP(-J29)) | L29: =$Y$12*((B29)-$U$5)/$U$6+$Y$13 | M29: =1/(1+EXP(-L29)) | N29: =$Z$12*((B29)-$U$5)/$U$6+$Z$13 | O29: =1/(1+EXP(-N29)) | P29: =$AA$12*((B29)-$U$5)/$U$6+$AA$13 | Q29: =1/(1+EXP(-P29)) | R29: =$AB$12*((B29)-$U$5)/$U$6+$AB$13 | S29: =1/(1+EXP(-R29)) | AD29: =SUMPRODUCT(M$5:M$899-C$5:C$899)*'2_Params'!$B$14+0 | AE29: =SUMPRODUCT((M$5:M$899*(1-M$5:M$899))*((B$5:B$899-$U$5)/$U$6)*1)*'2_Params'!$B$14 | AI29: ='4_Seq_Features'!A27 | AJ29: ='4_Seq_Features'!G27 | AK29: ='4_Seq_Features'!H27 | AL29: ='4_Seq_Features'!E27 | AM29: =$BD$14*((AJ29)-$BD$5)/$BD$6+$BD$15*((AK29)-$BD$7)/$BD$8+$BD$16 | AN29: =1/(1+EXP(-AM29)) | AO29: =$BE$14*((AJ29)-$BD$5)/$BD$6+$BE$15*((AK29)-$BD$7)/$BD$8+$BE$16 | AP29: =1/(1+EXP(-AO29)) | AQ29: =$BF$14*((AJ29)-$BD$5)/$BD$6+$BF$15*((AK29)-$BD$7)/$BD$8+$BF$16 | AR29: =1/(1+EXP(-AQ29)) | AS29: =$BG$14*((AJ29)-$BD$5)/$BD$6+$BG$15*((AK29)-$BD$7)/$BD$8+$BG$16 | AT29: =1/(1+EXP(-AS29)) | AU29: =$BH$14*((AJ29)-$BD$5)/$BD$6+$BH$15*((AK29)-$BD$7)/$BD$8+$BH$16 | AV29: =1/(1+EXP(-AU29)) | AW29: =$BI$14*((AJ29)-$BD$5)/$BD$6+$BI$15*((AK29)-$BD$7)/$BD$8+$BI$16 | AX29: =1/(1+EXP(-AW29)) | AY29: =$BJ$14*((AJ29)-$BD$5)/$BD$6+$BJ$15*((AK29)-$BD$7)/$BD$8+$BJ$16 | AZ29: =1/(1+EXP(-AY29)) | BA29: =$BK$14*((AJ29)-$BD$5)/$BD$6+$BK$15*((AK29)-$BD$7)/$BD$8+$BK$16 | BB29: =1/(1+EXP(-BA29)) | BM29: =SUMPRODUCT((AP$5:AP$899-AL$5:AL$899)*((AK$5:AK$899-$BD$7)/$BD$8))*'2_Params'!$B$15+$BE$15 | BN29: =SUMPRODUCT((AP$5:AP$899*(1-AP$5:AP$899))*((AJ$5:AJ$899-$BD$5)/$BD$6)*((AK$5:AK$899-$BD$7)/$BD$8))*'2_Params'!$B$15
A30: ='4_Seq_Features'!A28 | B30: ='4_Seq_Features'!F28 | C30: ='4_Seq_Features'!E28 | D30: =$U$12*((B30)-$U$5)/$U$6+$U$13 | E30: =1/(1+EXP(-D30)) | F30: =$V$12*((B30)-$U$5)/$U$6+$V$13 | G30: =1/(1+EXP(-F30)) | H30: =$W$12*((B30)-$U$5)/$U$6+$W$13 | I30: =1/(1+EXP(-H30)) | J30: =$X$12*((B30)-$U$5)/$U$6+$X$13 | K30: =1/(1+EXP(-J30)) | L30: =$Y$12*((B30)-$U$5)/$U$6+$Y$13 | M30: =1/(1+EXP(-L30)) | N30: =$Z$12*((B30)-$U$5)/$U$6+$Z$13 | O30: =1/(1+EXP(-N30)) | P30: =$AA$12*((B30)-$U$5)/$U$6+$AA$13 | Q30: =1/(1+EXP(-P30)) | R30: =$AB$12*((B30)-$U$5)/$U$6+$AB$13 | S30: =1/(1+EXP(-R30)) | AE30: =SUMPRODUCT((M$5:M$899*(1-M$5:M$899))*1*1)*'2_Params'!$B$14 | AI30: ='4_Seq_Features'!A28 | AJ30: ='4_Seq_Features'!G28 | AK30: ='4_Seq_Features'!H28 | AL30: ='4_Seq_Features'!E28 | AM30: =$BD$14*((AJ30)-$BD$5)/$BD$6+$BD$15*((AK30)-$BD$7)/$BD$8+$BD$16 | AN30: =1/(1+EXP(-AM30)) | AO30: =$BE$14*((AJ30)-$BD$5)/$BD$6+$BE$15*((AK30)-$BD$7)/$BD$8+$BE$16 | AP30: =1/(1+EXP(-AO30)) | AQ30: =$BF$14*((AJ30)-$BD$5)/$BD$6+$BF$15*((AK30)-$BD$7)/$BD$8+$BF$16 | AR30: =1/(1+EXP(-AQ30)) | AS30: =$BG$14*((AJ30)-$BD$5)/$BD$6+$BG$15*((AK30)-$BD$7)/$BD$8+$BG$16 | AT30: =1/(1+EXP(-AS30)) | AU30: =$BH$14*((AJ30)-$BD$5)/$BD$6+$BH$15*((AK30)-$BD$7)/$BD$8+$BH$16 | AV30: =1/(1+EXP(-AU30)) | AW30: =$BI$14*((AJ30)-$BD$5)/$BD$6+$BI$15*((AK30)-$BD$7)/$BD$8+$BI$16 | AX30: =1/(1+EXP(-AW30)) | AY30: =$BJ$14*((AJ30)-$BD$5)/$BD$6+$BJ$15*((AK30)-$BD$7)/$BD$8+$BJ$16 | AZ30: =1/(1+EXP(-AY30)) | BA30: =$BK$14*((AJ30)-$BD$5)/$BD$6+$BK$15*((AK30)-$BD$7)/$BD$8+$BK$16 | BB30: =1/(1+EXP(-BA30)) | BM30: =SUMPRODUCT(AP$5:AP$899-AL$5:AL$899)*'2_Params'!$B$15+0 | BN30: =SUMPRODUCT((AP$5:AP$899*(1-AP$5:AP$899))*((AJ$5:AJ$899-$BD$5)/$BD$6)*1)*'2_Params'!$B$15
A31: ='4_Seq_Features'!A29 | B31: ='4_Seq_Features'!F29 | C31: ='4_Seq_Features'!E29 | D31: =$U$12*((B31)-$U$5)/$U$6+$U$13 | E31: =1/(1+EXP(-D31)) | F31: =$V$12*((B31)-$U$5)/$U$6+$V$13 | G31: =1/(1+EXP(-F31)) | H31: =$W$12*((B31)-$U$5)/$U$6+$W$13 | I31: =1/(1+EXP(-H31)) | J31: =$X$12*((B31)-$U$5)/$U$6+$X$13 | K31: =1/(1+EXP(-J31)) | L31: =$Y$12*((B31)-$U$5)/$U$6+$Y$13 | M31: =1/(1+EXP(-L31)) | N31: =$Z$12*((B31)-$U$5)/$U$6+$Z$13 | O31: =1/(1+EXP(-N31)) | P31: =$AA$12*((B31)-$U$5)/$U$6+$AA$13 | Q31: =1/(1+EXP(-P31)) | R31: =$AB$12*((B31)-$U$5)/$U$6+$AB$13 | S31: =1/(1+EXP(-R31)) | AD31: =SUMPRODUCT((O$5:O$899-C$5:C$899)*((B$5:B$899-$U$5)/$U$6))*'2_Params'!$B$14+$Z$12 | AE31: =SUMPRODUCT((O$5:O$899*(1-O$5:O$899))*((B$5:B$899-$U$5)/$U$6)*((B$5:B$899-$U$5)/$U$6))*'2_Params'!$B$14+1 | AI31: ='4_Seq_Features'!A29 | AJ31: ='4_Seq_Features'!G29 | AK31: ='4_Seq_Features'!H29 | AL31: ='4_Seq_Features'!E29 | AM31: =$BD$14*((AJ31)-$BD$5)/$BD$6+$BD$15*((AK31)-$BD$7)/$BD$8+$BD$16 | AN31: =1/(1+EXP(-AM31)) | AO31: =$BE$14*((AJ31)-$BD$5)/$BD$6+$BE$15*((AK31)-$BD$7)/$BD$8+$BE$16 | AP31: =1/(1+EXP(-AO31)) | AQ31: =$BF$14*((AJ31)-$BD$5)/$BD$6+$BF$15*((AK31)-$BD$7)/$BD$8+$BF$16 | AR31: =1/(1+EXP(-AQ31)) | AS31: =$BG$14*((AJ31)-$BD$5)/$BD$6+$BG$15*((AK31)-$BD$7)/$BD$8+$BG$16 | AT31: =1/(1+EXP(-AS31)) | AU31: =$BH$14*((AJ31)-$BD$5)/$BD$6+$BH$15*((AK31)-$BD$7)/$BD$8+$BH$16 | AV31: =1/(1+EXP(-AU31)) | AW31: =$BI$14*((AJ31)-$BD$5)/$BD$6+$BI$15*((AK31)-$BD$7)/$BD$8+$BI$16 | AX31: =1/(1+EXP(-AW31)) | AY31: =$BJ$14*((AJ31)-$BD$5)/$BD$6+$BJ$15*((AK31)-$BD$7)/$BD$8+$BJ$16 | AZ31: =1/(1+EXP(-AY31)) | BA31: =$BK$14*((AJ31)-$BD$5)/$BD$6+$BK$15*((AK31)-$BD$7)/$BD$8+$BK$16 | BB31: =1/(1+EXP(-BA31)) | BN31: =SUMPRODUCT((AP$5:AP$899*(1-AP$5:AP$899))*((AK$5:AK$899-$BD$7)/$BD$8)*((AK$5:AK$899-$BD$7)/$BD$8))*'2_Params'!$B$15+1
A32: ='4_Seq_Features'!A30 | B32: ='4_Seq_Features'!F30 | C32: ='4_Seq_Features'!E30 | D32: =$U$12*((B32)-$U$5)/$U$6+$U$13 | E32: =1/(1+EXP(-D32)) | F32: =$V$12*((B32)-$U$5)/$U$6+$V$13 | G32: =1/(1+EXP(-F32)) | H32: =$W$12*((B32)-$U$5)/$U$6+$W$13 | I32: =1/(1+EXP(-H32)) | J32: =$X$12*((B32)-$U$5)/$U$6+$X$13 | K32: =1/(1+EXP(-J32)) | L32: =$Y$12*((B32)-$U$5)/$U$6+$Y$13 | M32: =1/(1+EXP(-L32)) | N32: =$Z$12*((B32)-$U$5)/$U$6+$Z$13 | O32: =1/(1+EXP(-N32)) | P32: =$AA$12*((B32)-$U$5)/$U$6+$AA$13 | Q32: =1/(1+EXP(-P32)) | R32: =$AB$12*((B32)-$U$5)/$U$6+$AB$13 | S32: =1/(1+EXP(-R32)) | AD32: =SUMPRODUCT(O$5:O$899-C$5:C$899)*'2_Params'!$B$14+0 | AE32: =SUMPRODUCT((O$5:O$899*(1-O$5:O$899))*((B$5:B$899-$U$5)/$U$6)*1)*'2_Params'!$B$14 | AI32: ='4_Seq_Features'!A30 | AJ32: ='4_Seq_Features'!G30 | AK32: ='4_Seq_Features'!H30 | AL32: ='4_Seq_Features'!E30 | AM32: =$BD$14*((AJ32)-$BD$5)/$BD$6+$BD$15*((AK32)-$BD$7)/$BD$8+$BD$16 | AN32: =1/(1+EXP(-AM32)) | AO32: =$BE$14*((AJ32)-$BD$5)/$BD$6+$BE$15*((AK32)-$BD$7)/$BD$8+$BE$16 | AP32: =1/(1+EXP(-AO32)) | AQ32: =$BF$14*((AJ32)-$BD$5)/$BD$6+$BF$15*((AK32)-$BD$7)/$BD$8+$BF$16 | AR32: =1/(1+EXP(-AQ32)) | AS32: =$BG$14*((AJ32)-$BD$5)/$BD$6+$BG$15*((AK32)-$BD$7)/$BD$8+$BG$16 | AT32: =1/(1+EXP(-AS32)) | AU32: =$BH$14*((AJ32)-$BD$5)/$BD$6+$BH$15*((AK32)-$BD$7)/$BD$8+$BH$16 | AV32: =1/(1+EXP(-AU32)) | AW32: =$BI$14*((AJ32)-$BD$5)/$BD$6+$BI$15*((AK32)-$BD$7)/$BD$8+$BI$16 | AX32: =1/(1+EXP(-AW32)) | AY32: =$BJ$14*((AJ32)-$BD$5)/$BD$6+$BJ$15*((AK32)-$BD$7)/$BD$8+$BJ$16 | AZ32: =1/(1+EXP(-AY32)) | BA32: =$BK$14*((AJ32)-$BD$5)/$BD$6+$BK$15*((AK32)-$BD$7)/$BD$8+$BK$16 | BB32: =1/(1+EXP(-BA32)) | BN32: =SUMPRODUCT((AP$5:AP$899*(1-AP$5:AP$899))*((AK$5:AK$899-$BD$7)/$BD$8)*1)*'2_Params'!$B$15
A33: ='4_Seq_Features'!A31 | B33: ='4_Seq_Features'!F31 | C33: ='4_Seq_Features'!E31 | D33: =$U$12*((B33)-$U$5)/$U$6+$U$13 | E33: =1/(1+EXP(-D33)) | F33: =$V$12*((B33)-$U$5)/$U$6+$V$13 | G33: =1/(1+EXP(-F33)) | H33: =$W$12*((B33)-$U$5)/$U$6+$W$13 | I33: =1/(1+EXP(-H33)) | J33: =$X$12*((B33)-$U$5)/$U$6+$X$13 | K33: =1/(1+EXP(-J33)) | L33: =$Y$12*((B33)-$U$5)/$U$6+$Y$13 | M33: =1/(1+EXP(-L33)) | N33: =$Z$12*((B33)-$U$5)/$U$6+$Z$13 | O33: =1/(1+EXP(-N33)) | P33: =$AA$12*((B33)-$U$5)/$U$6+$AA$13 | Q33: =1/(1+EXP(-P33)) | R33: =$AB$12*((B33)-$U$5)/$U$6+$AB$13 | S33: =1/(1+EXP(-R33)) | AE33: =SUMPRODUCT((O$5:O$899*(1-O$5:O$899))*1*1)*'2_Params'!$B$14 | AI33: ='4_Seq_Features'!A31 | AJ33: ='4_Seq_Features'!G31 | AK33: ='4_Seq_Features'!H31 | AL33: ='4_Seq_Features'!E31 | AM33: =$BD$14*((AJ33)-$BD$5)/$BD$6+$BD$15*((AK33)-$BD$7)/$BD$8+$BD$16 | AN33: =1/(1+EXP(-AM33)) | AO33: =$BE$14*((AJ33)-$BD$5)/$BD$6+$BE$15*((AK33)-$BD$7)/$BD$8+$BE$16 | AP33: =1/(1+EXP(-AO33)) | AQ33: =$BF$14*((AJ33)-$BD$5)/$BD$6+$BF$15*((AK33)-$BD$7)/$BD$8+$BF$16 | AR33: =1/(1+EXP(-AQ33)) | AS33: =$BG$14*((AJ33)-$BD$5)/$BD$6+$BG$15*((AK33)-$BD$7)/$BD$8+$BG$16 | AT33: =1/(1+EXP(-AS33)) | AU33: =$BH$14*((AJ33)-$BD$5)/$BD$6+$BH$15*((AK33)-$BD$7)/$BD$8+$BH$16 | AV33: =1/(1+EXP(-AU33)) | AW33: =$BI$14*((AJ33)-$BD$5)/$BD$6+$BI$15*((AK33)-$BD$7)/$BD$8+$BI$16 | AX33: =1/(1+EXP(-AW33)) | AY33: =$BJ$14*((AJ33)-$BD$5)/$BD$6+$BJ$15*((AK33)-$BD$7)/$BD$8+$BJ$16 | AZ33: =1/(1+EXP(-AY33)) | BA33: =$BK$14*((AJ33)-$BD$5)/$BD$6+$BK$15*((AK33)-$BD$7)/$BD$8+$BK$16 | BB33: =1/(1+EXP(-BA33)) | BN33: =SUMPRODUCT((AP$5:AP$899*(1-AP$5:AP$899))*1*1)*'2_Params'!$B$15
A34: ='4_Seq_Features'!A32 | B34: ='4_Seq_Features'!F32 | C34: ='4_Seq_Features'!E32 | D34: =$U$12*((B34)-$U$5)/$U$6+$U$13 | E34: =1/(1+EXP(-D34)) | F34: =$V$12*((B34)-$U$5)/$U$6+$V$13 | G34: =1/(1+EXP(-F34)) | H34: =$W$12*((B34)-$U$5)/$U$6+$W$13 | I34: =1/(1+EXP(-H34)) | J34: =$X$12*((B34)-$U$5)/$U$6+$X$13 | K34: =1/(1+EXP(-J34)) | L34: =$Y$12*((B34)-$U$5)/$U$6+$Y$13 | M34: =1/(1+EXP(-L34)) | N34: =$Z$12*((B34)-$U$5)/$U$6+$Z$13 | O34: =1/(1+EXP(-N34)) | P34: =$AA$12*((B34)-$U$5)/$U$6+$AA$13 | Q34: =1/(1+EXP(-P34)) | R34: =$AB$12*((B34)-$U$5)/$U$6+$AB$13 | S34: =1/(1+EXP(-R34)) | AD34: =SUMPRODUCT((Q$5:Q$899-C$5:C$899)*((B$5:B$899-$U$5)/$U$6))*'2_Params'!$B$14+$AA$12 | AE34: =SUMPRODUCT((Q$5:Q$899*(1-Q$5:Q$899))*((B$5:B$899-$U$5)/$U$6)*((B$5:B$899-$U$5)/$U$6))*'2_Params'!$B$14+1 | AI34: ='4_Seq_Features'!A32 | AJ34: ='4_Seq_Features'!G32 | AK34: ='4_Seq_Features'!H32 | AL34: ='4_Seq_Features'!E32 | AM34: =$BD$14*((AJ34)-$BD$5)/$BD$6+$BD$15*((AK34)-$BD$7)/$BD$8+$BD$16 | AN34: =1/(1+EXP(-AM34)) | AO34: =$BE$14*((AJ34)-$BD$5)/$BD$6+$BE$15*((AK34)-$BD$7)/$BD$8+$BE$16 | AP34: =1/(1+EXP(-AO34)) | AQ34: =$BF$14*((AJ34)-$BD$5)/$BD$6+$BF$15*((AK34)-$BD$7)/$BD$8+$BF$16 | AR34: =1/(1+EXP(-AQ34)) | AS34: =$BG$14*((AJ34)-$BD$5)/$BD$6+$BG$15*((AK34)-$BD$7)/$BD$8+$BG$16 | AT34: =1/(1+EXP(-AS34)) | AU34: =$BH$14*((AJ34)-$BD$5)/$BD$6+$BH$15*((AK34)-$BD$7)/$BD$8+$BH$16 | AV34: =1/(1+EXP(-AU34)) | AW34: =$BI$14*((AJ34)-$BD$5)/$BD$6+$BI$15*((AK34)-$BD$7)/$BD$8+$BI$16 | AX34: =1/(1+EXP(-AW34)) | AY34: =$BJ$14*((AJ34)-$BD$5)/$BD$6+$BJ$15*((AK34)-$BD$7)/$BD$8+$BJ$16 | AZ34: =1/(1+EXP(-AY34)) | BA34: =$BK$14*((AJ34)-$BD$5)/$BD$6+$BK$15*((AK34)-$BD$7)/$BD$8+$BK$16 | BB34: =1/(1+EXP(-BA34))
A35: ='4_Seq_Features'!A33 | B35: ='4_Seq_Features'!F33 | C35: ='4_Seq_Features'!E33 | D35: =$U$12*((B35)-$U$5)/$U$6+$U$13 | E35: =1/(1+EXP(-D35)) | F35: =$V$12*((B35)-$U$5)/$U$6+$V$13 | G35: =1/(1+EXP(-F35)) | H35: =$W$12*((B35)-$U$5)/$U$6+$W$13 | I35: =1/(1+EXP(-H35)) | J35: =$X$12*((B35)-$U$5)/$U$6+$X$13 | K35: =1/(1+EXP(-J35)) | L35: =$Y$12*((B35)-$U$5)/$U$6+$Y$13 | M35: =1/(1+EXP(-L35)) | N35: =$Z$12*((B35)-$U$5)/$U$6+$Z$13 | O35: =1/(1+EXP(-N35)) | P35: =$AA$12*((B35)-$U$5)/$U$6+$AA$13 | Q35: =1/(1+EXP(-P35)) | R35: =$AB$12*((B35)-$U$5)/$U$6+$AB$13 | S35: =1/(1+EXP(-R35)) | AD35: =SUMPRODUCT(Q$5:Q$899-C$5:C$899)*'2_Params'!$B$14+0 | AE35: =SUMPRODUCT((Q$5:Q$899*(1-Q$5:Q$899))*((B$5:B$899-$U$5)/$U$6)*1)*'2_Params'!$B$14 | AI35: ='4_Seq_Features'!A33 | AJ35: ='4_Seq_Features'!G33 | AK35: ='4_Seq_Features'!H33 | AL35: ='4_Seq_Features'!E33 | AM35: =$BD$14*((AJ35)-$BD$5)/$BD$6+$BD$15*((AK35)-$BD$7)/$BD$8+$BD$16 | AN35: =1/(1+EXP(-AM35)) | AO35: =$BE$14*((AJ35)-$BD$5)/$BD$6+$BE$15*((AK35)-$BD$7)/$BD$8+$BE$16 | AP35: =1/(1+EXP(-AO35)) | AQ35: =$BF$14*((AJ35)-$BD$5)/$BD$6+$BF$15*((AK35)-$BD$7)/$BD$8+$BF$16 | AR35: =1/(1+EXP(-AQ35)) | AS35: =$BG$14*((AJ35)-$BD$5)/$BD$6+$BG$15*((AK35)-$BD$7)/$BD$8+$BG$16 | AT35: =1/(1+EXP(-AS35)) | AU35: =$BH$14*((AJ35)-$BD$5)/$BD$6+$BH$15*((AK35)-$BD$7)/$BD$8+$BH$16 | AV35: =1/(1+EXP(-AU35)) | AW35: =$BI$14*((AJ35)-$BD$5)/$BD$6+$BI$15*((AK35)-$BD$7)/$BD$8+$BI$16 | AX35: =1/(1+EXP(-AW35)) | AY35: =$BJ$14*((AJ35)-$BD$5)/$BD$6+$BJ$15*((AK35)-$BD$7)/$BD$8+$BJ$16 | AZ35: =1/(1+EXP(-AY35)) | BA35: =$BK$14*((AJ35)-$BD$5)/$BD$6+$BK$15*((AK35)-$BD$7)/$BD$8+$BK$16 | BB35: =1/(1+EXP(-BA35))
A36: ='4_Seq_Features'!A34 | B36: ='4_Seq_Features'!F34 | C36: ='4_Seq_Features'!E34 | D36: =$U$12*((B36)-$U$5)/$U$6+$U$13 | E36: =1/(1+EXP(-D36)) | F36: =$V$12*((B36)-$U$5)/$U$6+$V$13 | G36: =1/(1+EXP(-F36)) | H36: =$W$12*((B36)-$U$5)/$U$6+$W$13 | I36: =1/(1+EXP(-H36)) | J36: =$X$12*((B36)-$U$5)/$U$6+$X$13 | K36: =1/(1+EXP(-J36)) | L36: =$Y$12*((B36)-$U$5)/$U$6+$Y$13 | M36: =1/(1+EXP(-L36)) | N36: =$Z$12*((B36)-$U$5)/$U$6+$Z$13 | O36: =1/(1+EXP(-N36)) | P36: =$AA$12*((B36)-$U$5)/$U$6+$AA$13 | Q36: =1/(1+EXP(-P36)) | R36: =$AB$12*((B36)-$U$5)/$U$6+$AB$13 | S36: =1/(1+EXP(-R36)) | AE36: =SUMPRODUCT((Q$5:Q$899*(1-Q$5:Q$899))*1*1)*'2_Params'!$B$14 | AI36: ='4_Seq_Features'!A34 | AJ36: ='4_Seq_Features'!G34 | AK36: ='4_Seq_Features'!H34 | AL36: ='4_Seq_Features'!E34 | AM36: =$BD$14*((AJ36)-$BD$5)/$BD$6+$BD$15*((AK36)-$BD$7)/$BD$8+$BD$16 | AN36: =1/(1+EXP(-AM36)) | AO36: =$BE$14*((AJ36)-$BD$5)/$BD$6+$BE$15*((AK36)-$BD$7)/$BD$8+$BE$16 | AP36: =1/(1+EXP(-AO36)) | AQ36: =$BF$14*((AJ36)-$BD$5)/$BD$6+$BF$15*((AK36)-$BD$7)/$BD$8+$BF$16 | AR36: =1/(1+EXP(-AQ36)) | AS36: =$BG$14*((AJ36)-$BD$5)/$BD$6+$BG$15*((AK36)-$BD$7)/$BD$8+$BG$16 | AT36: =1/(1+EXP(-AS36)) | AU36: =$BH$14*((AJ36)-$BD$5)/$BD$6+$BH$15*((AK36)-$BD$7)/$BD$8+$BH$16 | AV36: =1/(1+EXP(-AU36)) | AW36: =$BI$14*((AJ36)-$BD$5)/$BD$6+$BI$15*((AK36)-$BD$7)/$BD$8+$BI$16 | AX36: =1/(1+EXP(-AW36)) | AY36: =$BJ$14*((AJ36)-$BD$5)/$BD$6+$BJ$15*((AK36)-$BD$7)/$BD$8+$BJ$16 | AZ36: =1/(1+EXP(-AY36)) | BA36: =$BK$14*((AJ36)-$BD$5)/$BD$6+$BK$15*((AK36)-$BD$7)/$BD$8+$BK$16 | BB36: =1/(1+EXP(-BA36))
A37: ='4_Seq_Features'!A35 | B37: ='4_Seq_Features'!F35 | C37: ='4_Seq_Features'!E35 | D37: =$U$12*((B37)-$U$5)/$U$6+$U$13 | E37: =1/(1+EXP(-D37)) | F37: =$V$12*((B37)-$U$5)/$U$6+$V$13 | G37: =1/(1+EXP(-F37)) | H37: =$W$12*((B37)-$U$5)/$U$6+$W$13 | I37: =1/(1+EXP(-H37)) | J37: =$X$12*((B37)-$U$5)/$U$6+$X$13 | K37: =1/(1+EXP(-J37)) | L37: =$Y$12*((B37)-$U$5)/$U$6+$Y$13 | M37: =1/(1+EXP(-L37)) | N37: =$Z$12*((B37)-$U$5)/$U$6+$Z$13 | O37: =1/(1+EXP(-N37)) | P37: =$AA$12*((B37)-$U$5)/$U$6+$AA$13 | Q37: =1/(1+EXP(-P37)) | R37: =$AB$12*((B37)-$U$5)/$U$6+$AB$13 | S37: =1/(1+EXP(-R37)) | AD37: =SUMPRODUCT((S$5:S$899-C$5:C$899)*((B$5:B$899-$U$5)/$U$6))*'2_Params'!$B$14+$AB$12 | AE37: =SUMPRODUCT((S$5:S$899*(1-S$5:S$899))*((B$5:B$899-$U$5)/$U$6)*((B$5:B$899-$U$5)/$U$6))*'2_Params'!$B$14+1 | AI37: ='4_Seq_Features'!A35 | AJ37: ='4_Seq_Features'!G35 | AK37: ='4_Seq_Features'!H35 | AL37: ='4_Seq_Features'!E35 | AM37: =$BD$14*((AJ37)-$BD$5)/$BD$6+$BD$15*((AK37)-$BD$7)/$BD$8+$BD$16 | AN37: =1/(1+EXP(-AM37)) | AO37: =$BE$14*((AJ37)-$BD$5)/$BD$6+$BE$15*((AK37)-$BD$7)/$BD$8+$BE$16 | AP37: =1/(1+EXP(-AO37)) | AQ37: =$BF$14*((AJ37)-$BD$5)/$BD$6+$BF$15*((AK37)-$BD$7)/$BD$8+$BF$16 | AR37: =1/(1+EXP(-AQ37)) | AS37: =$BG$14*((AJ37)-$BD$5)/$BD$6+$BG$15*((AK37)-$BD$7)/$BD$8+$BG$16 | AT37: =1/(1+EXP(-AS37)) | AU37: =$BH$14*((AJ37)-$BD$5)/$BD$6+$BH$15*((AK37)-$BD$7)/$BD$8+$BH$16 | AV37: =1/(1+EXP(-AU37)) | AW37: =$BI$14*((AJ37)-$BD$5)/$BD$6+$BI$15*((AK37)-$BD$7)/$BD$8+$BI$16 | AX37: =1/(1+EXP(-AW37)) | AY37: =$BJ$14*((AJ37)-$BD$5)/$BD$6+$BJ$15*((AK37)-$BD$7)/$BD$8+$BJ$16 | AZ37: =1/(1+EXP(-AY37)) | BA37: =$BK$14*((AJ37)-$BD$5)/$BD$6+$BK$15*((AK37)-$BD$7)/$BD$8+$BK$16 | BB37: =1/(1+EXP(-BA37)) | BM37: =SUMPRODUCT((AR$5:AR$899-AL$5:AL$899)*((AJ$5:AJ$899-$BD$5)/$BD$6))*'2_Params'!$B$15+$BF$14 | BN37: =SUMPRODUCT((AR$5:AR$899*(1-AR$5:AR$899))*((AJ$5:AJ$899-$BD$5)/$BD$6)*((AJ$5:AJ$899-$BD$5)/$BD$6))*'2_Params'!$B$15+1
A38: ='4_Seq_Features'!A36 | B38: ='4_Seq_Features'!F36 | C38: ='4_Seq_Features'!E36 | D38: =$U$12*((B38)-$U$5)/$U$6+$U$13 | E38: =1/(1+EXP(-D38)) | F38: =$V$12*((B38)-$U$5)/$U$6+$V$13 | G38: =1/(1+EXP(-F38)) | H38: =$W$12*((B38)-$U$5)/$U$6+$W$13 | I38: =1/(1+EXP(-H38)) | J38: =$X$12*((B38)-$U$5)/$U$6+$X$13 | K38: =1/(1+EXP(-J38)) | L38: =$Y$12*((B38)-$U$5)/$U$6+$Y$13 | M38: =1/(1+EXP(-L38)) | N38: =$Z$12*((B38)-$U$5)/$U$6+$Z$13 | O38: =1/(1+EXP(-N38)) | P38: =$AA$12*((B38)-$U$5)/$U$6+$AA$13 | Q38: =1/(1+EXP(-P38)) | R38: =$AB$12*((B38)-$U$5)/$U$6+$AB$13 | S38: =1/(1+EXP(-R38)) | AD38: =SUMPRODUCT(S$5:S$899-C$5:C$899)*'2_Params'!$B$14+0 | AE38: =SUMPRODUCT((S$5:S$899*(1-S$5:S$899))*((B$5:B$899-$U$5)/$U$6)*1)*'2_Params'!$B$14 | AI38: ='4_Seq_Features'!A36 | AJ38: ='4_Seq_Features'!G36 | AK38: ='4_Seq_Features'!H36 | AL38: ='4_Seq_Features'!E36 | AM38: =$BD$14*((AJ38)-$BD$5)/$BD$6+$BD$15*((AK38)-$BD$7)/$BD$8+$BD$16 | AN38: =1/(1+EXP(-AM38)) | AO38: =$BE$14*((AJ38)-$BD$5)/$BD$6+$BE$15*((AK38)-$BD$7)/$BD$8+$BE$16 | AP38: =1/(1+EXP(-AO38)) | AQ38: =$BF$14*((AJ38)-$BD$5)/$BD$6+$BF$15*((AK38)-$BD$7)/$BD$8+$BF$16 | AR38: =1/(1+EXP(-AQ38)) | AS38: =$BG$14*((AJ38)-$BD$5)/$BD$6+$BG$15*((AK38)-$BD$7)/$BD$8+$BG$16 | AT38: =1/(1+EXP(-AS38)) | AU38: =$BH$14*((AJ38)-$BD$5)/$BD$6+$BH$15*((AK38)-$BD$7)/$BD$8+$BH$16 | AV38: =1/(1+EXP(-AU38)) | AW38: =$BI$14*((AJ38)-$BD$5)/$BD$6+$BI$15*((AK38)-$BD$7)/$BD$8+$BI$16 | AX38: =1/(1+EXP(-AW38)) | AY38: =$BJ$14*((AJ38)-$BD$5)/$BD$6+$BJ$15*((AK38)-$BD$7)/$BD$8+$BJ$16 | AZ38: =1/(1+EXP(-AY38)) | BA38: =$BK$14*((AJ38)-$BD$5)/$BD$6+$BK$15*((AK38)-$BD$7)/$BD$8+$BK$16 | BB38: =1/(1+EXP(-BA38)) | BM38: =SUMPRODUCT((AR$5:AR$899-AL$5:AL$899)*((AK$5:AK$899-$BD$7)/$BD$8))*'2_Params'!$B$15+$BF$15 | BN38: =SUMPRODUCT((AR$5:AR$899*(1-AR$5:AR$899))*((AJ$5:AJ$899-$BD$5)/$BD$6)*((AK$5:AK$899-$BD$7)/$BD$8))*'2_Params'!$B$15
A39: ='4_Seq_Features'!A37 | B39: ='4_Seq_Features'!F37 | C39: ='4_Seq_Features'!E37 | D39: =$U$12*((B39)-$U$5)/$U$6+$U$13 | E39: =1/(1+EXP(-D39)) | F39: =$V$12*((B39)-$U$5)/$U$6+$V$13 | G39: =1/(1+EXP(-F39)) | H39: =$W$12*((B39)-$U$5)/$U$6+$W$13 | I39: =1/(1+EXP(-H39)) | J39: =$X$12*((B39)-$U$5)/$U$6+$X$13 | K39: =1/(1+EXP(-J39)) | L39: =$Y$12*((B39)-$U$5)/$U$6+$Y$13 | M39: =1/(1+EXP(-L39)) | N39: =$Z$12*((B39)-$U$5)/$U$6+$Z$13 | O39: =1/(1+EXP(-N39)) | P39: =$AA$12*((B39)-$U$5)/$U$6+$AA$13 | Q39: =1/(1+EXP(-P39)) | R39: =$AB$12*((B39)-$U$5)/$U$6+$AB$13 | S39: =1/(1+EXP(-R39)) | AE39: =SUMPRODUCT((S$5:S$899*(1-S$5:S$899))*1*1)*'2_Params'!$B$14 | AI39: ='4_Seq_Features'!A37 | AJ39: ='4_Seq_Features'!G37 | AK39: ='4_Seq_Features'!H37 | AL39: ='4_Seq_Features'!E37 | AM39: =$BD$14*((AJ39)-$BD$5)/$BD$6+$BD$15*((AK39)-$BD$7)/$BD$8+$BD$16 | AN39: =1/(1+EXP(-AM39)) | AO39: =$BE$14*((AJ39)-$BD$5)/$BD$6+$BE$15*((AK39)-$BD$7)/$BD$8+$BE$16 | AP39: =1/(1+EXP(-AO39)) | AQ39: =$BF$14*((AJ39)-$BD$5)/$BD$6+$BF$15*((AK39)-$BD$7)/$BD$8+$BF$16 | AR39: =1/(1+EXP(-AQ39)) | AS39: =$BG$14*((AJ39)-$BD$5)/$BD$6+$BG$15*((AK39)-$BD$7)/$BD$8+$BG$16 | AT39: =1/(1+EXP(-AS39)) | AU39: =$BH$14*((AJ39)-$BD$5)/$BD$6+$BH$15*((AK39)-$BD$7)/$BD$8+$BH$16 | AV39: =1/(1+EXP(-AU39)) | AW39: =$BI$14*((AJ39)-$BD$5)/$BD$6+$BI$15*((AK39)-$BD$7)/$BD$8+$BI$16 | AX39: =1/(1+EXP(-AW39)) | AY39: =$BJ$14*((AJ39)-$BD$5)/$BD$6+$BJ$15*((AK39)-$BD$7)/$BD$8+$BJ$16 | AZ39: =1/(1+EXP(-AY39)) | BA39: =$BK$14*((AJ39)-$BD$5)/$BD$6+$BK$15*((AK39)-$BD$7)/$BD$8+$BK$16 | BB39: =1/(1+EXP(-BA39)) | BM39: =SUMPRODUCT(AR$5:AR$899-AL$5:AL$899)*'2_Params'!$B$15+0 | BN39: =SUMPRODUCT((AR$5:AR$899*(1-AR$5:AR$899))*((AJ$5:AJ$899-$BD$5)/$BD$6)*1)*'2_Params'!$B$15
A40: ='4_Seq_Features'!A38 | B40: ='4_Seq_Features'!F38 | C40: ='4_Seq_Features'!E38 | D40: =$U$12*((B40)-$U$5)/$U$6+$U$13 | E40: =1/(1+EXP(-D40)) | F40: =$V$12*((B40)-$U$5)/$U$6+$V$13 | G40: =1/(1+EXP(-F40)) | H40: =$W$12*((B40)-$U$5)/$U$6+$W$13 | I40: =1/(1+EXP(-H40)) | J40: =$X$12*((B40)-$U$5)/$U$6+$X$13 | K40: =1/(1+EXP(-J40)) | L40: =$Y$12*((B40)-$U$5)/$U$6+$Y$13 | M40: =1/(1+EXP(-L40)) | N40: =$Z$12*((B40)-$U$5)/$U$6+$Z$13 | O40: =1/(1+EXP(-N40)) | P40: =$AA$12*((B40)-$U$5)/$U$6+$AA$13 | Q40: =1/(1+EXP(-P40)) | R40: =$AB$12*((B40)-$U$5)/$U$6+$AB$13 | S40: =1/(1+EXP(-R40)) | AI40: ='4_Seq_Features'!A38 | AJ40: ='4_Seq_Features'!G38 | AK40: ='4_Seq_Features'!H38 | AL40: ='4_Seq_Features'!E38 | AM40: =$BD$14*((AJ40)-$BD$5)/$BD$6+$BD$15*((AK40)-$BD$7)/$BD$8+$BD$16 | AN40: =1/(1+EXP(-AM40)) | AO40: =$BE$14*((AJ40)-$BD$5)/$BD$6+$BE$15*((AK40)-$BD$7)/$BD$8+$BE$16 | AP40: =1/(1+EXP(-AO40)) | AQ40: =$BF$14*((AJ40)-$BD$5)/$BD$6+$BF$15*((AK40)-$BD$7)/$BD$8+$BF$16 | AR40: =1/(1+EXP(-AQ40)) | AS40: =$BG$14*((AJ40)-$BD$5)/$BD$6+$BG$15*((AK40)-$BD$7)/$BD$8+$BG$16 | AT40: =1/(1+EXP(-AS40)) | AU40: =$BH$14*((AJ40)-$BD$5)/$BD$6+$BH$15*((AK40)-$BD$7)/$BD$8+$BH$16 | AV40: =1/(1+EXP(-AU40)) | AW40: =$BI$14*((AJ40)-$BD$5)/$BD$6+$BI$15*((AK40)-$BD$7)/$BD$8+$BI$16 | AX40: =1/(1+EXP(-AW40)) | AY40: =$BJ$14*((AJ40)-$BD$5)/$BD$6+$BJ$15*((AK40)-$BD$7)/$BD$8+$BJ$16 | AZ40: =1/(1+EXP(-AY40)) | BA40: =$BK$14*((AJ40)-$BD$5)/$BD$6+$BK$15*((AK40)-$BD$7)/$BD$8+$BK$16 | BB40: =1/(1+EXP(-BA40)) | BN40: =SUMPRODUCT((AR$5:AR$899*(1-AR$5:AR$899))*((AK$5:AK$899-$BD$7)/$BD$8)*((AK$5:AK$899-$BD$7)/$BD$8))*'2_Params'!$B$15+1
A41: ='4_Seq_Features'!A39 | B41: ='4_Seq_Features'!F39 | C41: ='4_Seq_Features'!E39 | D41: =$U$12*((B41)-$U$5)/$U$6+$U$13 | E41: =1/(1+EXP(-D41)) | F41: =$V$12*((B41)-$U$5)/$U$6+$V$13 | G41: =1/(1+EXP(-F41)) | H41: =$W$12*((B41)-$U$5)/$U$6+$W$13 | I41: =1/(1+EXP(-H41)) | J41: =$X$12*((B41)-$U$5)/$U$6+$X$13 | K41: =1/(1+EXP(-J41)) | L41: =$Y$12*((B41)-$U$5)/$U$6+$Y$13 | M41: =1/(1+EXP(-L41)) | N41: =$Z$12*((B41)-$U$5)/$U$6+$Z$13 | O41: =1/(1+EXP(-N41)) | P41: =$AA$12*((B41)-$U$5)/$U$6+$AA$13 | Q41: =1/(1+EXP(-P41)) | R41: =$AB$12*((B41)-$U$5)/$U$6+$AB$13 | S41: =1/(1+EXP(-R41)) | AI41: ='4_Seq_Features'!A39 | AJ41: ='4_Seq_Features'!G39 | AK41: ='4_Seq_Features'!H39 | AL41: ='4_Seq_Features'!E39 | AM41: =$BD$14*((AJ41)-$BD$5)/$BD$6+$BD$15*((AK41)-$BD$7)/$BD$8+$BD$16 | AN41: =1/(1+EXP(-AM41)) | AO41: =$BE$14*((AJ41)-$BD$5)/$BD$6+$BE$15*((AK41)-$BD$7)/$BD$8+$BE$16 | AP41: =1/(1+EXP(-AO41)) | AQ41: =$BF$14*((AJ41)-$BD$5)/$BD$6+$BF$15*((AK41)-$BD$7)/$BD$8+$BF$16 | AR41: =1/(1+EXP(-AQ41)) | AS41: =$BG$14*((AJ41)-$BD$5)/$BD$6+$BG$15*((AK41)-$BD$7)/$BD$8+$BG$16 | AT41: =1/(1+EXP(-AS41)) | AU41: =$BH$14*((AJ41)-$BD$5)/$BD$6+$BH$15*((AK41)-$BD$7)/$BD$8+$BH$16 | AV41: =1/(1+EXP(-AU41)) | AW41: =$BI$14*((AJ41)-$BD$5)/$BD$6+$BI$15*((AK41)-$BD$7)/$BD$8+$BI$16 | AX41: =1/(1+EXP(-AW41)) | AY41: =$BJ$14*((AJ41)-$BD$5)/$BD$6+$BJ$15*((AK41)-$BD$7)/$BD$8+$BJ$16 | AZ41: =1/(1+EXP(-AY41)) | BA41: =$BK$14*((AJ41)-$BD$5)/$BD$6+$BK$15*((AK41)-$BD$7)/$BD$8+$BK$16 | BB41: =1/(1+EXP(-BA41)) | BN41: =SUMPRODUCT((AR$5:AR$899*(1-AR$5:AR$899))*((AK$5:AK$899-$BD$7)/$BD$8)*1)*'2_Params'!$B$15
A42: ='4_Seq_Features'!A40 | B42: ='4_Seq_Features'!F40 | C42: ='4_Seq_Features'!E40 | D42: =$U$12*((B42)-$U$5)/$U$6+$U$13 | E42: =1/(1+EXP(-D42)) | F42: =$V$12*((B42)-$U$5)/$U$6+$V$13 | G42: =1/(1+EXP(-F42)) | H42: =$W$12*((B42)-$U$5)/$U$6+$W$13 | I42: =1/(1+EXP(-H42)) | J42: =$X$12*((B42)-$U$5)/$U$6+$X$13 | K42: =1/(1+EXP(-J42)) | L42: =$Y$12*((B42)-$U$5)/$U$6+$Y$13 | M42: =1/(1+EXP(-L42)) | N42: =$Z$12*((B42)-$U$5)/$U$6+$Z$13 | O42: =1/(1+EXP(-N42)) | P42: =$AA$12*((B42)-$U$5)/$U$6+$AA$13 | Q42: =1/(1+EXP(-P42)) | R42: =$AB$12*((B42)-$U$5)/$U$6+$AB$13 | S42: =1/(1+EXP(-R42)) | AI42: ='4_Seq_Features'!A40 | AJ42: ='4_Seq_Features'!G40 | AK42: ='4_Seq_Features'!H40 | AL42: ='4_Seq_Features'!E40 | AM42: =$BD$14*((AJ42)-$BD$5)/$BD$6+$BD$15*((AK42)-$BD$7)/$BD$8+$BD$16 | AN42: =1/(1+EXP(-AM42)) | AO42: =$BE$14*((AJ42)-$BD$5)/$BD$6+$BE$15*((AK42)-$BD$7)/$BD$8+$BE$16 | AP42: =1/(1+EXP(-AO42)) | AQ42: =$BF$14*((AJ42)-$BD$5)/$BD$6+$BF$15*((AK42)-$BD$7)/$BD$8+$BF$16 | AR42: =1/(1+EXP(-AQ42)) | AS42: =$BG$14*((AJ42)-$BD$5)/$BD$6+$BG$15*((AK42)-$BD$7)/$BD$8+$BG$16 | AT42: =1/(1+EXP(-AS42)) | AU42: =$BH$14*((AJ42)-$BD$5)/$BD$6+$BH$15*((AK42)-$BD$7)/$BD$8+$BH$16 | AV42: =1/(1+EXP(-AU42)) | AW42: =$BI$14*((AJ42)-$BD$5)/$BD$6+$BI$15*((AK42)-$BD$7)/$BD$8+$BI$16 | AX42: =1/(1+EXP(-AW42)) | AY42: =$BJ$14*((AJ42)-$BD$5)/$BD$6+$BJ$15*((AK42)-$BD$7)/$BD$8+$BJ$16 | AZ42: =1/(1+EXP(-AY42)) | BA42: =$BK$14*((AJ42)-$BD$5)/$BD$6+$BK$15*((AK42)-$BD$7)/$BD$8+$BK$16 | BB42: =1/(1+EXP(-BA42)) | BN42: =SUMPRODUCT((AR$5:AR$899*(1-AR$5:AR$899))*1*1)*'2_Params'!$B$15
A43: ='4_Seq_Features'!A41 | B43: ='4_Seq_Features'!F41 | C43: ='4_Seq_Features'!E41 | D43: =$U$12*((B43)-$U$5)/$U$6+$U$13 | E43: =1/(1+EXP(-D43)) | F43: =$V$12*((B43)-$U$5)/$U$6+$V$13 | G43: =1/(1+EXP(-F43)) | H43: =$W$12*((B43)-$U$5)/$U$6+$W$13 | I43: =1/(1+EXP(-H43)) | J43: =$X$12*((B43)-$U$5)/$U$6+$X$13 | K43: =1/(1+EXP(-J43)) | L43: =$Y$12*((B43)-$U$5)/$U$6+$Y$13 | M43: =1/(1+EXP(-L43)) | N43: =$Z$12*((B43)-$U$5)/$U$6+$Z$13 | O43: =1/(1+EXP(-N43)) | P43: =$AA$12*((B43)-$U$5)/$U$6+$AA$13 | Q43: =1/(1+EXP(-P43)) | R43: =$AB$12*((B43)-$U$5)/$U$6+$AB$13 | S43: =1/(1+EXP(-R43)) | AI43: ='4_Seq_Features'!A41 | AJ43: ='4_Seq_Features'!G41 | AK43: ='4_Seq_Features'!H41 | AL43: ='4_Seq_Features'!E41 | AM43: =$BD$14*((AJ43)-$BD$5)/$BD$6+$BD$15*((AK43)-$BD$7)/$BD$8+$BD$16 | AN43: =1/(1+EXP(-AM43)) | AO43: =$BE$14*((AJ43)-$BD$5)/$BD$6+$BE$15*((AK43)-$BD$7)/$BD$8+$BE$16 | AP43: =1/(1+EXP(-AO43)) | AQ43: =$BF$14*((AJ43)-$BD$5)/$BD$6+$BF$15*((AK43)-$BD$7)/$BD$8+$BF$16 | AR43: =1/(1+EXP(-AQ43)) | AS43: =$BG$14*((AJ43)-$BD$5)/$BD$6+$BG$15*((AK43)-$BD$7)/$BD$8+$BG$16 | AT43: =1/(1+EXP(-AS43)) | AU43: =$BH$14*((AJ43)-$BD$5)/$BD$6+$BH$15*((AK43)-$BD$7)/$BD$8+$BH$16 | AV43: =1/(1+EXP(-AU43)) | AW43: =$BI$14*((AJ43)-$BD$5)/$BD$6+$BI$15*((AK43)-$BD$7)/$BD$8+$BI$16 | AX43: =1/(1+EXP(-AW43)) | AY43: =$BJ$14*((AJ43)-$BD$5)/$BD$6+$BJ$15*((AK43)-$BD$7)/$BD$8+$BJ$16 | AZ43: =1/(1+EXP(-AY43)) | BA43: =$BK$14*((AJ43)-$BD$5)/$BD$6+$BK$15*((AK43)-$BD$7)/$BD$8+$BK$16 | BB43: =1/(1+EXP(-BA43))
A44: ='4_Seq_Features'!A42 | B44: ='4_Seq_Features'!F42 | C44: ='4_Seq_Features'!E42 | D44: =$U$12*((B44)-$U$5)/$U$6+$U$13 | E44: =1/(1+EXP(-D44)) | F44: =$V$12*((B44)-$U$5)/$U$6+$V$13 | G44: =1/(1+EXP(-F44)) | H44: =$W$12*((B44)-$U$5)/$U$6+$W$13 | I44: =1/(1+EXP(-H44)) | J44: =$X$12*((B44)-$U$5)/$U$6+$X$13 | K44: =1/(1+EXP(-J44)) | L44: =$Y$12*((B44)-$U$5)/$U$6+$Y$13 | M44: =1/(1+EXP(-L44)) | N44: =$Z$12*((B44)-$U$5)/$U$6+$Z$13 | O44: =1/(1+EXP(-N44)) | P44: =$AA$12*((B44)-$U$5)/$U$6+$AA$13 | Q44: =1/(1+EXP(-P44)) | R44: =$AB$12*((B44)-$U$5)/$U$6+$AB$13 | S44: =1/(1+EXP(-R44)) | AI44: ='4_Seq_Features'!A42 | AJ44: ='4_Seq_Features'!G42 | AK44: ='4_Seq_Features'!H42 | AL44: ='4_Seq_Features'!E42 | AM44: =$BD$14*((AJ44)-$BD$5)/$BD$6+$BD$15*((AK44)-$BD$7)/$BD$8+$BD$16 | AN44: =1/(1+EXP(-AM44)) | AO44: =$BE$14*((AJ44)-$BD$5)/$BD$6+$BE$15*((AK44)-$BD$7)/$BD$8+$BE$16 | AP44: =1/(1+EXP(-AO44)) | AQ44: =$BF$14*((AJ44)-$BD$5)/$BD$6+$BF$15*((AK44)-$BD$7)/$BD$8+$BF$16 | AR44: =1/(1+EXP(-AQ44)) | AS44: =$BG$14*((AJ44)-$BD$5)/$BD$6+$BG$15*((AK44)-$BD$7)/$BD$8+$BG$16 | AT44: =1/(1+EXP(-AS44)) | AU44: =$BH$14*((AJ44)-$BD$5)/$BD$6+$BH$15*((AK44)-$BD$7)/$BD$8+$BH$16 | AV44: =1/(1+EXP(-AU44)) | AW44: =$BI$14*((AJ44)-$BD$5)/$BD$6+$BI$15*((AK44)-$BD$7)/$BD$8+$BI$16 | AX44: =1/(1+EXP(-AW44)) | AY44: =$BJ$14*((AJ44)-$BD$5)/$BD$6+$BJ$15*((AK44)-$BD$7)/$BD$8+$BJ$16 | AZ44: =1/(1+EXP(-AY44)) | BA44: =$BK$14*((AJ44)-$BD$5)/$BD$6+$BK$15*((AK44)-$BD$7)/$BD$8+$BK$16 | BB44: =1/(1+EXP(-BA44))
A45: ='4_Seq_Features'!A43 | B45: ='4_Seq_Features'!F43 | C45: ='4_Seq_Features'!E43 | D45: =$U$12*((B45)-$U$5)/$U$6+$U$13 | E45: =1/(1+EXP(-D45)) | F45: =$V$12*((B45)-$U$5)/$U$6+$V$13 | G45: =1/(1+EXP(-F45)) | H45: =$W$12*((B45)-$U$5)/$U$6+$W$13 | I45: =1/(1+EXP(-H45)) | J45: =$X$12*((B45)-$U$5)/$U$6+$X$13 | K45: =1/(1+EXP(-J45)) | L45: =$Y$12*((B45)-$U$5)/$U$6+$Y$13 | M45: =1/(1+EXP(-L45)) | N45: =$Z$12*((B45)-$U$5)/$U$6+$Z$13 | O45: =1/(1+EXP(-N45)) | P45: =$AA$12*((B45)-$U$5)/$U$6+$AA$13 | Q45: =1/(1+EXP(-P45)) | R45: =$AB$12*((B45)-$U$5)/$U$6+$AB$13 | S45: =1/(1+EXP(-R45)) | AI45: ='4_Seq_Features'!A43 | AJ45: ='4_Seq_Features'!G43 | AK45: ='4_Seq_Features'!H43 | AL45: ='4_Seq_Features'!E43 | AM45: =$BD$14*((AJ45)-$BD$5)/$BD$6+$BD$15*((AK45)-$BD$7)/$BD$8+$BD$16 | AN45: =1/(1+EXP(-AM45)) | AO45: =$BE$14*((AJ45)-$BD$5)/$BD$6+$BE$15*((AK45)-$BD$7)/$BD$8+$BE$16 | AP45: =1/(1+EXP(-AO45)) | AQ45: =$BF$14*((AJ45)-$BD$5)/$BD$6+$BF$15*((AK45)-$BD$7)/$BD$8+$BF$16 | AR45: =1/(1+EXP(-AQ45)) | AS45: =$BG$14*((AJ45)-$BD$5)/$BD$6+$BG$15*((AK45)-$BD$7)/$BD$8+$BG$16 | AT45: =1/(1+EXP(-AS45)) | AU45: =$BH$14*((AJ45)-$BD$5)/$BD$6+$BH$15*((AK45)-$BD$7)/$BD$8+$BH$16 | AV45: =1/(1+EXP(-AU45)) | AW45: =$BI$14*((AJ45)-$BD$5)/$BD$6+$BI$15*((AK45)-$BD$7)/$BD$8+$BI$16 | AX45: =1/(1+EXP(-AW45)) | AY45: =$BJ$14*((AJ45)-$BD$5)/$BD$6+$BJ$15*((AK45)-$BD$7)/$BD$8+$BJ$16 | AZ45: =1/(1+EXP(-AY45)) | BA45: =$BK$14*((AJ45)-$BD$5)/$BD$6+$BK$15*((AK45)-$BD$7)/$BD$8+$BK$16 | BB45: =1/(1+EXP(-BA45))
A46: ='4_Seq_Features'!A44 | B46: ='4_Seq_Features'!F44 | C46: ='4_Seq_Features'!E44 | D46: =$U$12*((B46)-$U$5)/$U$6+$U$13 | E46: =1/(1+EXP(-D46)) | F46: =$V$12*((B46)-$U$5)/$U$6+$V$13 | G46: =1/(1+EXP(-F46)) | H46: =$W$12*((B46)-$U$5)/$U$6+$W$13 | I46: =1/(1+EXP(-H46)) | J46: =$X$12*((B46)-$U$5)/$U$6+$X$13 | K46: =1/(1+EXP(-J46)) | L46: =$Y$12*((B46)-$U$5)/$U$6+$Y$13 | M46: =1/(1+EXP(-L46)) | N46: =$Z$12*((B46)-$U$5)/$U$6+$Z$13 | O46: =1/(1+EXP(-N46)) | P46: =$AA$12*((B46)-$U$5)/$U$6+$AA$13 | Q46: =1/(1+EXP(-P46)) | R46: =$AB$12*((B46)-$U$5)/$U$6+$AB$13 | S46: =1/(1+EXP(-R46)) | AI46: ='4_Seq_Features'!A44 | AJ46: ='4_Seq_Features'!G44 | AK46: ='4_Seq_Features'!H44 | AL46: ='4_Seq_Features'!E44 | AM46: =$BD$14*((AJ46)-$BD$5)/$BD$6+$BD$15*((AK46)-$BD$7)/$BD$8+$BD$16 | AN46: =1/(1+EXP(-AM46)) | AO46: =$BE$14*((AJ46)-$BD$5)/$BD$6+$BE$15*((AK46)-$BD$7)/$BD$8+$BE$16 | AP46: =1/(1+EXP(-AO46)) | AQ46: =$BF$14*((AJ46)-$BD$5)/$BD$6+$BF$15*((AK46)-$BD$7)/$BD$8+$BF$16 | AR46: =1/(1+EXP(-AQ46)) | AS46: =$BG$14*((AJ46)-$BD$5)/$BD$6+$BG$15*((AK46)-$BD$7)/$BD$8+$BG$16 | AT46: =1/(1+EXP(-AS46)) | AU46: =$BH$14*((AJ46)-$BD$5)/$BD$6+$BH$15*((AK46)-$BD$7)/$BD$8+$BH$16 | AV46: =1/(1+EXP(-AU46)) | AW46: =$BI$14*((AJ46)-$BD$5)/$BD$6+$BI$15*((AK46)-$BD$7)/$BD$8+$BI$16 | AX46: =1/(1+EXP(-AW46)) | AY46: =$BJ$14*((AJ46)-$BD$5)/$BD$6+$BJ$15*((AK46)-$BD$7)/$BD$8+$BJ$16 | AZ46: =1/(1+EXP(-AY46)) | BA46: =$BK$14*((AJ46)-$BD$5)/$BD$6+$BK$15*((AK46)-$BD$7)/$BD$8+$BK$16 | BB46: =1/(1+EXP(-BA46)) | BM46: =SUMPRODUCT((AT$5:AT$899-AL$5:AL$899)*((AJ$5:AJ$899-$BD$5)/$BD$6))*'2_Params'!$B$15+$BG$14 | BN46: =SUMPRODUCT((AT$5:AT$899*(1-AT$5:AT$899))*((AJ$5:AJ$899-$BD$5)/$BD$6)*((AJ$5:AJ$899-$BD$5)/$BD$6))*'2_Params'!$B$15+1
A47: ='4_Seq_Features'!A45 | B47: ='4_Seq_Features'!F45 | C47: ='4_Seq_Features'!E45 | D47: =$U$12*((B47)-$U$5)/$U$6+$U$13 | E47: =1/(1+EXP(-D47)) | F47: =$V$12*((B47)-$U$5)/$U$6+$V$13 | G47: =1/(1+EXP(-F47)) | H47: =$W$12*((B47)-$U$5)/$U$6+$W$13 | I47: =1/(1+EXP(-H47)) | J47: =$X$12*((B47)-$U$5)/$U$6+$X$13 | K47: =1/(1+EXP(-J47)) | L47: =$Y$12*((B47)-$U$5)/$U$6+$Y$13 | M47: =1/(1+EXP(-L47)) | N47: =$Z$12*((B47)-$U$5)/$U$6+$Z$13 | O47: =1/(1+EXP(-N47)) | P47: =$AA$12*((B47)-$U$5)/$U$6+$AA$13 | Q47: =1/(1+EXP(-P47)) | R47: =$AB$12*((B47)-$U$5)/$U$6+$AB$13 | S47: =1/(1+EXP(-R47)) | AI47: ='4_Seq_Features'!A45 | AJ47: ='4_Seq_Features'!G45 | AK47: ='4_Seq_Features'!H45 | AL47: ='4_Seq_Features'!E45 | AM47: =$BD$14*((AJ47)-$BD$5)/$BD$6+$BD$15*((AK47)-$BD$7)/$BD$8+$BD$16 | AN47: =1/(1+EXP(-AM47)) | AO47: =$BE$14*((AJ47)-$BD$5)/$BD$6+$BE$15*((AK47)-$BD$7)/$BD$8+$BE$16 | AP47: =1/(1+EXP(-AO47)) | AQ47: =$BF$14*((AJ47)-$BD$5)/$BD$6+$BF$15*((AK47)-$BD$7)/$BD$8+$BF$16 | AR47: =1/(1+EXP(-AQ47)) | AS47: =$BG$14*((AJ47)-$BD$5)/$BD$6+$BG$15*((AK47)-$BD$7)/$BD$8+$BG$16 | AT47: =1/(1+EXP(-AS47)) | AU47: =$BH$14*((AJ47)-$BD$5)/$BD$6+$BH$15*((AK47)-$BD$7)/$BD$8+$BH$16 | AV47: =1/(1+EXP(-AU47)) | AW47: =$BI$14*((AJ47)-$BD$5)/$BD$6+$BI$15*((AK47)-$BD$7)/$BD$8+$BI$16 | AX47: =1/(1+EXP(-AW47)) | AY47: =$BJ$14*((AJ47)-$BD$5)/$BD$6+$BJ$15*((AK47)-$BD$7)/$BD$8+$BJ$16 | AZ47: =1/(1+EXP(-AY47)) | BA47: =$BK$14*((AJ47)-$BD$5)/$BD$6+$BK$15*((AK47)-$BD$7)/$BD$8+$BK$16 | BB47: =1/(1+EXP(-BA47)) | BM47: =SUMPRODUCT((AT$5:AT$899-AL$5:AL$899)*((AK$5:AK$899-$BD$7)/$BD$8))*'2_Params'!$B$15+$BG$15 | BN47: =SUMPRODUCT((AT$5:AT$899*(1-AT$5:AT$899))*((AJ$5:AJ$899-$BD$5)/$BD$6)*((AK$5:AK$899-$BD$7)/$BD$8))*'2_Params'!$B$15
A48: ='4_Seq_Features'!A46 | B48: ='4_Seq_Features'!F46 | C48: ='4_Seq_Features'!E46 | D48: =$U$12*((B48)-$U$5)/$U$6+$U$13 | E48: =1/(1+EXP(-D48)) | F48: =$V$12*((B48)-$U$5)/$U$6+$V$13 | G48: =1/(1+EXP(-F48)) | H48: =$W$12*((B48)-$U$5)/$U$6+$W$13 | I48: =1/(1+EXP(-H48)) | J48: =$X$12*((B48)-$U$5)/$U$6+$X$13 | K48: =1/(1+EXP(-J48)) | L48: =$Y$12*((B48)-$U$5)/$U$6+$Y$13 | M48: =1/(1+EXP(-L48)) | N48: =$Z$12*((B48)-$U$5)/$U$6+$Z$13 | O48: =1/(1+EXP(-N48)) | P48: =$AA$12*((B48)-$U$5)/$U$6+$AA$13 | Q48: =1/(1+EXP(-P48)) | R48: =$AB$12*((B48)-$U$5)/$U$6+$AB$13 | S48: =1/(1+EXP(-R48)) | AI48: ='4_Seq_Features'!A46 | AJ48: ='4_Seq_Features'!G46 | AK48: ='4_Seq_Features'!H46 | AL48: ='4_Seq_Features'!E46 | AM48: =$BD$14*((AJ48)-$BD$5)/$BD$6+$BD$15*((AK48)-$BD$7)/$BD$8+$BD$16 | AN48: =1/(1+EXP(-AM48)) | AO48: =$BE$14*((AJ48)-$BD$5)/$BD$6+$BE$15*((AK48)-$BD$7)/$BD$8+$BE$16 | AP48: =1/(1+EXP(-AO48)) | AQ48: =$BF$14*((AJ48)-$BD$5)/$BD$6+$BF$15*((AK48)-$BD$7)/$BD$8+$BF$16 | AR48: =1/(1+EXP(-AQ48)) | AS48: =$BG$14*((AJ48)-$BD$5)/$BD$6+$BG$15*((AK48)-$BD$7)/$BD$8+$BG$16 | AT48: =1/(1+EXP(-AS48)) | AU48: =$BH$14*((AJ48)-$BD$5)/$BD$6+$BH$15*((AK48)-$BD$7)/$BD$8+$BH$16 | AV48: =1/(1+EXP(-AU48)) | AW48: =$BI$14*((AJ48)-$BD$5)/$BD$6+$BI$15*((AK48)-$BD$7)/$BD$8+$BI$16 | AX48: =1/(1+EXP(-AW48)) | AY48: =$BJ$14*((AJ48)-$BD$5)/$BD$6+$BJ$15*((AK48)-$BD$7)/$BD$8+$BJ$16 | AZ48: =1/(1+EXP(-AY48)) | BA48: =$BK$14*((AJ48)-$BD$5)/$BD$6+$BK$15*((AK48)-$BD$7)/$BD$8+$BK$16 | BB48: =1/(1+EXP(-BA48)) | BM48: =SUMPRODUCT(AT$5:AT$899-AL$5:AL$899)*'2_Params'!$B$15+0 | BN48: =SUMPRODUCT((AT$5:AT$899*(1-AT$5:AT$899))*((AJ$5:AJ$899-$BD$5)/$BD$6)*1)*'2_Params'!$B$15
A49: ='4_Seq_Features'!A47 | B49: ='4_Seq_Features'!F47 | C49: ='4_Seq_Features'!E47 | D49: =$U$12*((B49)-$U$5)/$U$6+$U$13 | E49: =1/(1+EXP(-D49)) | F49: =$V$12*((B49)-$U$5)/$U$6+$V$13 | G49: =1/(1+EXP(-F49)) | H49: =$W$12*((B49)-$U$5)/$U$6+$W$13 | I49: =1/(1+EXP(-H49)) | J49: =$X$12*((B49)-$U$5)/$U$6+$X$13 | K49: =1/(1+EXP(-J49)) | L49: =$Y$12*((B49)-$U$5)/$U$6+$Y$13 | M49: =1/(1+EXP(-L49)) | N49: =$Z$12*((B49)-$U$5)/$U$6+$Z$13 | O49: =1/(1+EXP(-N49)) | P49: =$AA$12*((B49)-$U$5)/$U$6+$AA$13 | Q49: =1/(1+EXP(-P49)) | R49: =$AB$12*((B49)-$U$5)/$U$6+$AB$13 | S49: =1/(1+EXP(-R49)) | AI49: ='4_Seq_Features'!A47 | AJ49: ='4_Seq_Features'!G47 | AK49: ='4_Seq_Features'!H47 | AL49: ='4_Seq_Features'!E47 | AM49: =$BD$14*((AJ49)-$BD$5)/$BD$6+$BD$15*((AK49)-$BD$7)/$BD$8+$BD$16 | AN49: =1/(1+EXP(-AM49)) | AO49: =$BE$14*((AJ49)-$BD$5)/$BD$6+$BE$15*((AK49)-$BD$7)/$BD$8+$BE$16 | AP49: =1/(1+EXP(-AO49)) | AQ49: =$BF$14*((AJ49)-$BD$5)/$BD$6+$BF$15*((AK49)-$BD$7)/$BD$8+$BF$16 | AR49: =1/(1+EXP(-AQ49)) | AS49: =$BG$14*((AJ49)-$BD$5)/$BD$6+$BG$15*((AK49)-$BD$7)/$BD$8+$BG$16 | AT49: =1/(1+EXP(-AS49)) | AU49: =$BH$14*((AJ49)-$BD$5)/$BD$6+$BH$15*((AK49)-$BD$7)/$BD$8+$BH$16 | AV49: =1/(1+EXP(-AU49)) | AW49: =$BI$14*((AJ49)-$BD$5)/$BD$6+$BI$15*((AK49)-$BD$7)/$BD$8+$BI$16 | AX49: =1/(1+EXP(-AW49)) | AY49: =$BJ$14*((AJ49)-$BD$5)/$BD$6+$BJ$15*((AK49)-$BD$7)/$BD$8+$BJ$16 | AZ49: =1/(1+EXP(-AY49)) | BA49: =$BK$14*((AJ49)-$BD$5)/$BD$6+$BK$15*((AK49)-$BD$7)/$BD$8+$BK$16 | BB49: =1/(1+EXP(-BA49)) | BN49: =SUMPRODUCT((AT$5:AT$899*(1-AT$5:AT$899))*((AK$5:AK$899-$BD$7)/$BD$8)*((AK$5:AK$899-$BD$7)/$BD$8))*'2_Params'!$B$15+1
A50: ='4_Seq_Features'!A48 | B50: ='4_Seq_Features'!F48 | C50: ='4_Seq_Features'!E48 | D50: =$U$12*((B50)-$U$5)/$U$6+$U$13 | E50: =1/(1+EXP(-D50)) | F50: =$V$12*((B50)-$U$5)/$U$6+$V$13 | G50: =1/(1+EXP(-F50)) | H50: =$W$12*((B50)-$U$5)/$U$6+$W$13 | I50: =1/(1+EXP(-H50)) | J50: =$X$12*((B50)-$U$5)/$U$6+$X$13 | K50: =1/(1+EXP(-J50)) | L50: =$Y$12*((B50)-$U$5)/$U$6+$Y$13 | M50: =1/(1+EXP(-L50)) | N50: =$Z$12*((B50)-$U$5)/$U$6+$Z$13 | O50: =1/(1+EXP(-N50)) | P50: =$AA$12*((B50)-$U$5)/$U$6+$AA$13 | Q50: =1/(1+EXP(-P50)) | R50: =$AB$12*((B50)-$U$5)/$U$6+$AB$13 | S50: =1/(1+EXP(-R50)) | AI50: ='4_Seq_Features'!A48 | AJ50: ='4_Seq_Features'!G48 | AK50: ='4_Seq_Features'!H48 | AL50: ='4_Seq_Features'!E48 | AM50: =$BD$14*((AJ50)-$BD$5)/$BD$6+$BD$15*((AK50)-$BD$7)/$BD$8+$BD$16 | AN50: =1/(1+EXP(-AM50)) | AO50: =$BE$14*((AJ50)-$BD$5)/$BD$6+$BE$15*((AK50)-$BD$7)/$BD$8+$BE$16 | AP50: =1/(1+EXP(-AO50)) | AQ50: =$BF$14*((AJ50)-$BD$5)/$BD$6+$BF$15*((AK50)-$BD$7)/$BD$8+$BF$16 | AR50: =1/(1+EXP(-AQ50)) | AS50: =$BG$14*((AJ50)-$BD$5)/$BD$6+$BG$15*((AK50)-$BD$7)/$BD$8+$BG$16 | AT50: =1/(1+EXP(-AS50)) | AU50: =$BH$14*((AJ50)-$BD$5)/$BD$6+$BH$15*((AK50)-$BD$7)/$BD$8+$BH$16 | AV50: =1/(1+EXP(-AU50)) | AW50: =$BI$14*((AJ50)-$BD$5)/$BD$6+$BI$15*((AK50)-$BD$7)/$BD$8+$BI$16 | AX50: =1/(1+EXP(-AW50)) | AY50: =$BJ$14*((AJ50)-$BD$5)/$BD$6+$BJ$15*((AK50)-$BD$7)/$BD$8+$BJ$16 | AZ50: =1/(1+EXP(-AY50)) | BA50: =$BK$14*((AJ50)-$BD$5)/$BD$6+$BK$15*((AK50)-$BD$7)/$BD$8+$BK$16 | BB50: =1/(1+EXP(-BA50)) | BN50: =SUMPRODUCT((AT$5:AT$899*(1-AT$5:AT$899))*((AK$5:AK$899-$BD$7)/$BD$8)*1)*'2_Params'!$B$15
A51: ='4_Seq_Features'!A49 | B51: ='4_Seq_Features'!F49 | C51: ='4_Seq_Features'!E49 | D51: =$U$12*((B51)-$U$5)/$U$6+$U$13 | E51: =1/(1+EXP(-D51)) | F51: =$V$12*((B51)-$U$5)/$U$6+$V$13 | G51: =1/(1+EXP(-F51)) | H51: =$W$12*((B51)-$U$5)/$U$6+$W$13 | I51: =1/(1+EXP(-H51)) | J51: =$X$12*((B51)-$U$5)/$U$6+$X$13 | K51: =1/(1+EXP(-J51)) | L51: =$Y$12*((B51)-$U$5)/$U$6+$Y$13 | M51: =1/(1+EXP(-L51)) | N51: =$Z$12*((B51)-$U$5)/$U$6+$Z$13 | O51: =1/(1+EXP(-N51)) | P51: =$AA$12*((B51)-$U$5)/$U$6+$AA$13 | Q51: =1/(1+EXP(-P51)) | R51: =$AB$12*((B51)-$U$5)/$U$6+$AB$13 | S51: =1/(1+EXP(-R51)) | AI51: ='4_Seq_Features'!A49 | AJ51: ='4_Seq_Features'!G49 | AK51: ='4_Seq_Features'!H49 | AL51: ='4_Seq_Features'!E49 | AM51: =$BD$14*((AJ51)-$BD$5)/$BD$6+$BD$15*((AK51)-$BD$7)/$BD$8+$BD$16 | AN51: =1/(1+EXP(-AM51)) | AO51: =$BE$14*((AJ51)-$BD$5)/$BD$6+$BE$15*((AK51)-$BD$7)/$BD$8+$BE$16 | AP51: =1/(1+EXP(-AO51)) | AQ51: =$BF$14*((AJ51)-$BD$5)/$BD$6+$BF$15*((AK51)-$BD$7)/$BD$8+$BF$16 | AR51: =1/(1+EXP(-AQ51)) | AS51: =$BG$14*((AJ51)-$BD$5)/$BD$6+$BG$15*((AK51)-$BD$7)/$BD$8+$BG$16 | AT51: =1/(1+EXP(-AS51)) | AU51: =$BH$14*((AJ51)-$BD$5)/$BD$6+$BH$15*((AK51)-$BD$7)/$BD$8+$BH$16 | AV51: =1/(1+EXP(-AU51)) | AW51: =$BI$14*((AJ51)-$BD$5)/$BD$6+$BI$15*((AK51)-$BD$7)/$BD$8+$BI$16 | AX51: =1/(1+EXP(-AW51)) | AY51: =$BJ$14*((AJ51)-$BD$5)/$BD$6+$BJ$15*((AK51)-$BD$7)/$BD$8+$BJ$16 | AZ51: =1/(1+EXP(-AY51)) | BA51: =$BK$14*((AJ51)-$BD$5)/$BD$6+$BK$15*((AK51)-$BD$7)/$BD$8+$BK$16 | BB51: =1/(1+EXP(-BA51)) | BN51: =SUMPRODUCT((AT$5:AT$899*(1-AT$5:AT$899))*1*1)*'2_Params'!$B$15
A52: ='4_Seq_Features'!A50 | B52: ='4_Seq_Features'!F50 | C52: ='4_Seq_Features'!E50 | D52: =$U$12*((B52)-$U$5)/$U$6+$U$13 | E52: =1/(1+EXP(-D52)) | F52: =$V$12*((B52)-$U$5)/$U$6+$V$13 | G52: =1/(1+EXP(-F52)) | H52: =$W$12*((B52)-$U$5)/$U$6+$W$13 | I52: =1/(1+EXP(-H52)) | J52: =$X$12*((B52)-$U$5)/$U$6+$X$13 | K52: =1/(1+EXP(-J52)) | L52: =$Y$12*((B52)-$U$5)/$U$6+$Y$13 | M52: =1/(1+EXP(-L52)) | N52: =$Z$12*((B52)-$U$5)/$U$6+$Z$13 | O52: =1/(1+EXP(-N52)) | P52: =$AA$12*((B52)-$U$5)/$U$6+$AA$13 | Q52: =1/(1+EXP(-P52)) | R52: =$AB$12*((B52)-$U$5)/$U$6+$AB$13 | S52: =1/(1+EXP(-R52)) | AI52: ='4_Seq_Features'!A50 | AJ52: ='4_Seq_Features'!G50 | AK52: ='4_Seq_Features'!H50 | AL52: ='4_Seq_Features'!E50 | AM52: =$BD$14*((AJ52)-$BD$5)/$BD$6+$BD$15*((AK52)-$BD$7)/$BD$8+$BD$16 | AN52: =1/(1+EXP(-AM52)) | AO52: =$BE$14*((AJ52)-$BD$5)/$BD$6+$BE$15*((AK52)-$BD$7)/$BD$8+$BE$16 | AP52: =1/(1+EXP(-AO52)) | AQ52: =$BF$14*((AJ52)-$BD$5)/$BD$6+$BF$15*((AK52)-$BD$7)/$BD$8+$BF$16 | AR52: =1/(1+EXP(-AQ52)) | AS52: =$BG$14*((AJ52)-$BD$5)/$BD$6+$BG$15*((AK52)-$BD$7)/$BD$8+$BG$16 | AT52: =1/(1+EXP(-AS52)) | AU52: =$BH$14*((AJ52)-$BD$5)/$BD$6+$BH$15*((AK52)-$BD$7)/$BD$8+$BH$16 | AV52: =1/(1+EXP(-AU52)) | AW52: =$BI$14*((AJ52)-$BD$5)/$BD$6+$BI$15*((AK52)-$BD$7)/$BD$8+$BI$16 | AX52: =1/(1+EXP(-AW52)) | AY52: =$BJ$14*((AJ52)-$BD$5)/$BD$6+$BJ$15*((AK52)-$BD$7)/$BD$8+$BJ$16 | AZ52: =1/(1+EXP(-AY52)) | BA52: =$BK$14*((AJ52)-$BD$5)/$BD$6+$BK$15*((AK52)-$BD$7)/$BD$8+$BK$16 | BB52: =1/(1+EXP(-BA52))
A53: ='4_Seq_Features'!A51 | B53: ='4_Seq_Features'!F51 | C53: ='4_Seq_Features'!E51 | D53: =$U$12*((B53)-$U$5)/$U$6+$U$13 | E53: =1/(1+EXP(-D53)) | F53: =$V$12*((B53)-$U$5)/$U$6+$V$13 | G53: =1/(1+EXP(-F53)) | H53: =$W$12*((B53)-$U$5)/$U$6+$W$13 | I53: =1/(1+EXP(-H53)) | J53: =$X$12*((B53)-$U$5)/$U$6+$X$13 | K53: =1/(1+EXP(-J53)) | L53: =$Y$12*((B53)-$U$5)/$U$6+$Y$13 | M53: =1/(1+EXP(-L53)) | N53: =$Z$12*((B53)-$U$5)/$U$6+$Z$13 | O53: =1/(1+EXP(-N53)) | P53: =$AA$12*((B53)-$U$5)/$U$6+$AA$13 | Q53: =1/(1+EXP(-P53)) | R53: =$AB$12*((B53)-$U$5)/$U$6+$AB$13 | S53: =1/(1+EXP(-R53)) | AI53: ='4_Seq_Features'!A51 | AJ53: ='4_Seq_Features'!G51 | AK53: ='4_Seq_Features'!H51 | AL53: ='4_Seq_Features'!E51 | AM53: =$BD$14*((AJ53)-$BD$5)/$BD$6+$BD$15*((AK53)-$BD$7)/$BD$8+$BD$16 | AN53: =1/(1+EXP(-AM53)) | AO53: =$BE$14*((AJ53)-$BD$5)/$BD$6+$BE$15*((AK53)-$BD$7)/$BD$8+$BE$16 | AP53: =1/(1+EXP(-AO53)) | AQ53: =$BF$14*((AJ53)-$BD$5)/$BD$6+$BF$15*((AK53)-$BD$7)/$BD$8+$BF$16 | AR53: =1/(1+EXP(-AQ53)) | AS53: =$BG$14*((AJ53)-$BD$5)/$BD$6+$BG$15*((AK53)-$BD$7)/$BD$8+$BG$16 | AT53: =1/(1+EXP(-AS53)) | AU53: =$BH$14*((AJ53)-$BD$5)/$BD$6+$BH$15*((AK53)-$BD$7)/$BD$8+$BH$16 | AV53: =1/(1+EXP(-AU53)) | AW53: =$BI$14*((AJ53)-$BD$5)/$BD$6+$BI$15*((AK53)-$BD$7)/$BD$8+$BI$16 | AX53: =1/(1+EXP(-AW53)) | AY53: =$BJ$14*((AJ53)-$BD$5)/$BD$6+$BJ$15*((AK53)-$BD$7)/$BD$8+$BJ$16 | AZ53: =1/(1+EXP(-AY53)) | BA53: =$BK$14*((AJ53)-$BD$5)/$BD$6+$BK$15*((AK53)-$BD$7)/$BD$8+$BK$16 | BB53: =1/(1+EXP(-BA53))
A54: ='4_Seq_Features'!A52 | B54: ='4_Seq_Features'!F52 | C54: ='4_Seq_Features'!E52 | D54: =$U$12*((B54)-$U$5)/$U$6+$U$13 | E54: =1/(1+EXP(-D54)) | F54: =$V$12*((B54)-$U$5)/$U$6+$V$13 | G54: =1/(1+EXP(-F54)) | H54: =$W$12*((B54)-$U$5)/$U$6+$W$13 | I54: =1/(1+EXP(-H54)) | J54: =$X$12*((B54)-$U$5)/$U$6+$X$13 | K54: =1/(1+EXP(-J54)) | L54: =$Y$12*((B54)-$U$5)/$U$6+$Y$13 | M54: =1/(1+EXP(-L54)) | N54: =$Z$12*((B54)-$U$5)/$U$6+$Z$13 | O54: =1/(1+EXP(-N54)) | P54: =$AA$12*((B54)-$U$5)/$U$6+$AA$13 | Q54: =1/(1+EXP(-P54)) | R54: =$AB$12*((B54)-$U$5)/$U$6+$AB$13 | S54: =1/(1+EXP(-R54)) | AI54: ='4_Seq_Features'!A52 | AJ54: ='4_Seq_Features'!G52 | AK54: ='4_Seq_Features'!H52 | AL54: ='4_Seq_Features'!E52 | AM54: =$BD$14*((AJ54)-$BD$5)/$BD$6+$BD$15*((AK54)-$BD$7)/$BD$8+$BD$16 | AN54: =1/(1+EXP(-AM54)) | AO54: =$BE$14*((AJ54)-$BD$5)/$BD$6+$BE$15*((AK54)-$BD$7)/$BD$8+$BE$16 | AP54: =1/(1+EXP(-AO54)) | AQ54: =$BF$14*((AJ54)-$BD$5)/$BD$6+$BF$15*((AK54)-$BD$7)/$BD$8+$BF$16 | AR54: =1/(1+EXP(-AQ54)) | AS54: =$BG$14*((AJ54)-$BD$5)/$BD$6+$BG$15*((AK54)-$BD$7)/$BD$8+$BG$16 | AT54: =1/(1+EXP(-AS54)) | AU54: =$BH$14*((AJ54)-$BD$5)/$BD$6+$BH$15*((AK54)-$BD$7)/$BD$8+$BH$16 | AV54: =1/(1+EXP(-AU54)) | AW54: =$BI$14*((AJ54)-$BD$5)/$BD$6+$BI$15*((AK54)-$BD$7)/$BD$8+$BI$16 | AX54: =1/(1+EXP(-AW54)) | AY54: =$BJ$14*((AJ54)-$BD$5)/$BD$6+$BJ$15*((AK54)-$BD$7)/$BD$8+$BJ$16 | AZ54: =1/(1+EXP(-AY54)) | BA54: =$BK$14*((AJ54)-$BD$5)/$BD$6+$BK$15*((AK54)-$BD$7)/$BD$8+$BK$16 | BB54: =1/(1+EXP(-BA54))
A55: ='4_Seq_Features'!A53 | B55: ='4_Seq_Features'!F53 | C55: ='4_Seq_Features'!E53 | D55: =$U$12*((B55)-$U$5)/$U$6+$U$13 | E55: =1/(1+EXP(-D55)) | F55: =$V$12*((B55)-$U$5)/$U$6+$V$13 | G55: =1/(1+EXP(-F55)) | H55: =$W$12*((B55)-$U$5)/$U$6+$W$13 | I55: =1/(1+EXP(-H55)) | J55: =$X$12*((B55)-$U$5)/$U$6+$X$13 | K55: =1/(1+EXP(-J55)) | L55: =$Y$12*((B55)-$U$5)/$U$6+$Y$13 | M55: =1/(1+EXP(-L55)) | N55: =$Z$12*((B55)-$U$5)/$U$6+$Z$13 | O55: =1/(1+EXP(-N55)) | P55: =$AA$12*((B55)-$U$5)/$U$6+$AA$13 | Q55: =1/(1+EXP(-P55)) | R55: =$AB$12*((B55)-$U$5)/$U$6+$AB$13 | S55: =1/(1+EXP(-R55)) | AI55: ='4_Seq_Features'!A53 | AJ55: ='4_Seq_Features'!G53 | AK55: ='4_Seq_Features'!H53 | AL55: ='4_Seq_Features'!E53 | AM55: =$BD$14*((AJ55)-$BD$5)/$BD$6+$BD$15*((AK55)-$BD$7)/$BD$8+$BD$16 | AN55: =1/(1+EXP(-AM55)) | AO55: =$BE$14*((AJ55)-$BD$5)/$BD$6+$BE$15*((AK55)-$BD$7)/$BD$8+$BE$16 | AP55: =1/(1+EXP(-AO55)) | AQ55: =$BF$14*((AJ55)-$BD$5)/$BD$6+$BF$15*((AK55)-$BD$7)/$BD$8+$BF$16 | AR55: =1/(1+EXP(-AQ55)) | AS55: =$BG$14*((AJ55)-$BD$5)/$BD$6+$BG$15*((AK55)-$BD$7)/$BD$8+$BG$16 | AT55: =1/(1+EXP(-AS55)) | AU55: =$BH$14*((AJ55)-$BD$5)/$BD$6+$BH$15*((AK55)-$BD$7)/$BD$8+$BH$16 | AV55: =1/(1+EXP(-AU55)) | AW55: =$BI$14*((AJ55)-$BD$5)/$BD$6+$BI$15*((AK55)-$BD$7)/$BD$8+$BI$16 | AX55: =1/(1+EXP(-AW55)) | AY55: =$BJ$14*((AJ55)-$BD$5)/$BD$6+$BJ$15*((AK55)-$BD$7)/$BD$8+$BJ$16 | AZ55: =1/(1+EXP(-AY55)) | BA55: =$BK$14*((AJ55)-$BD$5)/$BD$6+$BK$15*((AK55)-$BD$7)/$BD$8+$BK$16 | BB55: =1/(1+EXP(-BA55)) | BM55: =SUMPRODUCT((AV$5:AV$899-AL$5:AL$899)*((AJ$5:AJ$899-$BD$5)/$BD$6))*'2_Params'!$B$15+$BH$14 | BN55: =SUMPRODUCT((AV$5:AV$899*(1-AV$5:AV$899))*((AJ$5:AJ$899-$BD$5)/$BD$6)*((AJ$5:AJ$899-$BD$5)/$BD$6))*'2_Params'!$B$15+1
A56: ='4_Seq_Features'!A54 | B56: ='4_Seq_Features'!F54 | C56: ='4_Seq_Features'!E54 | D56: =$U$12*((B56)-$U$5)/$U$6+$U$13 | E56: =1/(1+EXP(-D56)) | F56: =$V$12*((B56)-$U$5)/$U$6+$V$13 | G56: =1/(1+EXP(-F56)) | H56: =$W$12*((B56)-$U$5)/$U$6+$W$13 | I56: =1/(1+EXP(-H56)) | J56: =$X$12*((B56)-$U$5)/$U$6+$X$13 | K56: =1/(1+EXP(-J56)) | L56: =$Y$12*((B56)-$U$5)/$U$6+$Y$13 | M56: =1/(1+EXP(-L56)) | N56: =$Z$12*((B56)-$U$5)/$U$6+$Z$13 | O56: =1/(1+EXP(-N56)) | P56: =$AA$12*((B56)-$U$5)/$U$6+$AA$13 | Q56: =1/(1+EXP(-P56)) | R56: =$AB$12*((B56)-$U$5)/$U$6+$AB$13 | S56: =1/(1+EXP(-R56)) | AI56: ='4_Seq_Features'!A54 | AJ56: ='4_Seq_Features'!G54 | AK56: ='4_Seq_Features'!H54 | AL56: ='4_Seq_Features'!E54 | AM56: =$BD$14*((AJ56)-$BD$5)/$BD$6+$BD$15*((AK56)-$BD$7)/$BD$8+$BD$16 | AN56: =1/(1+EXP(-AM56)) | AO56: =$BE$14*((AJ56)-$BD$5)/$BD$6+$BE$15*((AK56)-$BD$7)/$BD$8+$BE$16 | AP56: =1/(1+EXP(-AO56)) | AQ56: =$BF$14*((AJ56)-$BD$5)/$BD$6+$BF$15*((AK56)-$BD$7)/$BD$8+$BF$16 | AR56: =1/(1+EXP(-AQ56)) | AS56: =$BG$14*((AJ56)-$BD$5)/$BD$6+$BG$15*((AK56)-$BD$7)/$BD$8+$BG$16 | AT56: =1/(1+EXP(-AS56)) | AU56: =$BH$14*((AJ56)-$BD$5)/$BD$6+$BH$15*((AK56)-$BD$7)/$BD$8+$BH$16 | AV56: =1/(1+EXP(-AU56)) | AW56: =$BI$14*((AJ56)-$BD$5)/$BD$6+$BI$15*((AK56)-$BD$7)/$BD$8+$BI$16 | AX56: =1/(1+EXP(-AW56)) | AY56: =$BJ$14*((AJ56)-$BD$5)/$BD$6+$BJ$15*((AK56)-$BD$7)/$BD$8+$BJ$16 | AZ56: =1/(1+EXP(-AY56)) | BA56: =$BK$14*((AJ56)-$BD$5)/$BD$6+$BK$15*((AK56)-$BD$7)/$BD$8+$BK$16 | BB56: =1/(1+EXP(-BA56)) | BM56: =SUMPRODUCT((AV$5:AV$899-AL$5:AL$899)*((AK$5:AK$899-$BD$7)/$BD$8))*'2_Params'!$B$15+$BH$15 | BN56: =SUMPRODUCT((AV$5:AV$899*(1-AV$5:AV$899))*((AJ$5:AJ$899-$BD$5)/$BD$6)*((AK$5:AK$899-$BD$7)/$BD$8))*'2_Params'!$B$15
A57: ='4_Seq_Features'!A55 | B57: ='4_Seq_Features'!F55 | C57: ='4_Seq_Features'!E55 | D57: =$U$12*((B57)-$U$5)/$U$6+$U$13 | E57: =1/(1+EXP(-D57)) | F57: =$V$12*((B57)-$U$5)/$U$6+$V$13 | G57: =1/(1+EXP(-F57)) | H57: =$W$12*((B57)-$U$5)/$U$6+$W$13 | I57: =1/(1+EXP(-H57)) | J57: =$X$12*((B57)-$U$5)/$U$6+$X$13 | K57: =1/(1+EXP(-J57)) | L57: =$Y$12*((B57)-$U$5)/$U$6+$Y$13 | M57: =1/(1+EXP(-L57)) | N57: =$Z$12*((B57)-$U$5)/$U$6+$Z$13 | O57: =1/(1+EXP(-N57)) | P57: =$AA$12*((B57)-$U$5)/$U$6+$AA$13 | Q57: =1/(1+EXP(-P57)) | R57: =$AB$12*((B57)-$U$5)/$U$6+$AB$13 | S57: =1/(1+EXP(-R57)) | AI57: ='4_Seq_Features'!A55 | AJ57: ='4_Seq_Features'!G55 | AK57: ='4_Seq_Features'!H55 | AL57: ='4_Seq_Features'!E55 | AM57: =$BD$14*((AJ57)-$BD$5)/$BD$6+$BD$15*((AK57)-$BD$7)/$BD$8+$BD$16 | AN57: =1/(1+EXP(-AM57)) | AO57: =$BE$14*((AJ57)-$BD$5)/$BD$6+$BE$15*((AK57)-$BD$7)/$BD$8+$BE$16 | AP57: =1/(1+EXP(-AO57)) | AQ57: =$BF$14*((AJ57)-$BD$5)/$BD$6+$BF$15*((AK57)-$BD$7)/$BD$8+$BF$16 | AR57: =1/(1+EXP(-AQ57)) | AS57: =$BG$14*((AJ57)-$BD$5)/$BD$6+$BG$15*((AK57)-$BD$7)/$BD$8+$BG$16 | AT57: =1/(1+EXP(-AS57)) | AU57: =$BH$14*((AJ57)-$BD$5)/$BD$6+$BH$15*((AK57)-$BD$7)/$BD$8+$BH$16 | AV57: =1/(1+EXP(-AU57)) | AW57: =$BI$14*((AJ57)-$BD$5)/$BD$6+$BI$15*((AK57)-$BD$7)/$BD$8+$BI$16 | AX57: =1/(1+EXP(-AW57)) | AY57: =$BJ$14*((AJ57)-$BD$5)/$BD$6+$BJ$15*((AK57)-$BD$7)/$BD$8+$BJ$16 | AZ57: =1/(1+EXP(-AY57)) | BA57: =$BK$14*((AJ57)-$BD$5)/$BD$6+$BK$15*((AK57)-$BD$7)/$BD$8+$BK$16 | BB57: =1/(1+EXP(-BA57)) | BM57: =SUMPRODUCT(AV$5:AV$899-AL$5:AL$899)*'2_Params'!$B$15+0 | BN57: =SUMPRODUCT((AV$5:AV$899*(1-AV$5:AV$899))*((AJ$5:AJ$899-$BD$5)/$BD$6)*1)*'2_Params'!$B$15
A58: ='4_Seq_Features'!A56 | B58: ='4_Seq_Features'!F56 | C58: ='4_Seq_Features'!E56 | D58: =$U$12*((B58)-$U$5)/$U$6+$U$13 | E58: =1/(1+EXP(-D58)) | F58: =$V$12*((B58)-$U$5)/$U$6+$V$13 | G58: =1/(1+EXP(-F58)) | H58: =$W$12*((B58)-$U$5)/$U$6+$W$13 | I58: =1/(1+EXP(-H58)) | J58: =$X$12*((B58)-$U$5)/$U$6+$X$13 | K58: =1/(1+EXP(-J58)) | L58: =$Y$12*((B58)-$U$5)/$U$6+$Y$13 | M58: =1/(1+EXP(-L58)) | N58: =$Z$12*((B58)-$U$5)/$U$6+$Z$13 | O58: =1/(1+EXP(-N58)) | P58: =$AA$12*((B58)-$U$5)/$U$6+$AA$13 | Q58: =1/(1+EXP(-P58)) | R58: =$AB$12*((B58)-$U$5)/$U$6+$AB$13 | S58: =1/(1+EXP(-R58)) | AI58: ='4_Seq_Features'!A56 | AJ58: ='4_Seq_Features'!G56 | AK58: ='4_Seq_Features'!H56 | AL58: ='4_Seq_Features'!E56 | AM58: =$BD$14*((AJ58)-$BD$5)/$BD$6+$BD$15*((AK58)-$BD$7)/$BD$8+$BD$16 | AN58: =1/(1+EXP(-AM58)) | AO58: =$BE$14*((AJ58)-$BD$5)/$BD$6+$BE$15*((AK58)-$BD$7)/$BD$8+$BE$16 | AP58: =1/(1+EXP(-AO58)) | AQ58: =$BF$14*((AJ58)-$BD$5)/$BD$6+$BF$15*((AK58)-$BD$7)/$BD$8+$BF$16 | AR58: =1/(1+EXP(-AQ58)) | AS58: =$BG$14*((AJ58)-$BD$5)/$BD$6+$BG$15*((AK58)-$BD$7)/$BD$8+$BG$16 | AT58: =1/(1+EXP(-AS58)) | AU58: =$BH$14*((AJ58)-$BD$5)/$BD$6+$BH$15*((AK58)-$BD$7)/$BD$8+$BH$16 | AV58: =1/(1+EXP(-AU58)) | AW58: =$BI$14*((AJ58)-$BD$5)/$BD$6+$BI$15*((AK58)-$BD$7)/$BD$8+$BI$16 | AX58: =1/(1+EXP(-AW58)) | AY58: =$BJ$14*((AJ58)-$BD$5)/$BD$6+$BJ$15*((AK58)-$BD$7)/$BD$8+$BJ$16 | AZ58: =1/(1+EXP(-AY58)) | BA58: =$BK$14*((AJ58)-$BD$5)/$BD$6+$BK$15*((AK58)-$BD$7)/$BD$8+$BK$16 | BB58: =1/(1+EXP(-BA58)) | BN58: =SUMPRODUCT((AV$5:AV$899*(1-AV$5:AV$899))*((AK$5:AK$899-$BD$7)/$BD$8)*((AK$5:AK$899-$BD$7)/$BD$8))*'2_Params'!$B$15+1
A59: ='4_Seq_Features'!A57 | B59: ='4_Seq_Features'!F57 | C59: ='4_Seq_Features'!E57 | D59: =$U$12*((B59)-$U$5)/$U$6+$U$13 | E59: =1/(1+EXP(-D59)) | F59: =$V$12*((B59)-$U$5)/$U$6+$V$13 | G59: =1/(1+EXP(-F59)) | H59: =$W$12*((B59)-$U$5)/$U$6+$W$13 | I59: =1/(1+EXP(-H59)) | J59: =$X$12*((B59)-$U$5)/$U$6+$X$13 | K59: =1/(1+EXP(-J59)) | L59: =$Y$12*((B59)-$U$5)/$U$6+$Y$13 | M59: =1/(1+EXP(-L59)) | N59: =$Z$12*((B59)-$U$5)/$U$6+$Z$13 | O59: =1/(1+EXP(-N59)) | P59: =$AA$12*((B59)-$U$5)/$U$6+$AA$13 | Q59: =1/(1+EXP(-P59)) | R59: =$AB$12*((B59)-$U$5)/$U$6+$AB$13 | S59: =1/(1+EXP(-R59)) | AI59: ='4_Seq_Features'!A57 | AJ59: ='4_Seq_Features'!G57 | AK59: ='4_Seq_Features'!H57 | AL59: ='4_Seq_Features'!E57 | AM59: =$BD$14*((AJ59)-$BD$5)/$BD$6+$BD$15*((AK59)-$BD$7)/$BD$8+$BD$16 | AN59: =1/(1+EXP(-AM59)) | AO59: =$BE$14*((AJ59)-$BD$5)/$BD$6+$BE$15*((AK59)-$BD$7)/$BD$8+$BE$16 | AP59: =1/(1+EXP(-AO59)) | AQ59: =$BF$14*((AJ59)-$BD$5)/$BD$6+$BF$15*((AK59)-$BD$7)/$BD$8+$BF$16 | AR59: =1/(1+EXP(-AQ59)) | AS59: =$BG$14*((AJ59)-$BD$5)/$BD$6+$BG$15*((AK59)-$BD$7)/$BD$8+$BG$16 | AT59: =1/(1+EXP(-AS59)) | AU59: =$BH$14*((AJ59)-$BD$5)/$BD$6+$BH$15*((AK59)-$BD$7)/$BD$8+$BH$16 | AV59: =1/(1+EXP(-AU59)) | AW59: =$BI$14*((AJ59)-$BD$5)/$BD$6+$BI$15*((AK59)-$BD$7)/$BD$8+$BI$16 | AX59: =1/(1+EXP(-AW59)) | AY59: =$BJ$14*((AJ59)-$BD$5)/$BD$6+$BJ$15*((AK59)-$BD$7)/$BD$8+$BJ$16 | AZ59: =1/(1+EXP(-AY59)) | BA59: =$BK$14*((AJ59)-$BD$5)/$BD$6+$BK$15*((AK59)-$BD$7)/$BD$8+$BK$16 | BB59: =1/(1+EXP(-BA59)) | BN59: =SUMPRODUCT((AV$5:AV$899*(1-AV$5:AV$899))*((AK$5:AK$899-$BD$7)/$BD$8)*1)*'2_Params'!$B$15
A60: ='4_Seq_Features'!A58 | B60: ='4_Seq_Features'!F58 | C60: ='4_Seq_Features'!E58 | D60: =$U$12*((B60)-$U$5)/$U$6+$U$13 | E60: =1/(1+EXP(-D60)) | F60: =$V$12*((B60)-$U$5)/$U$6+$V$13 | G60: =1/(1+EXP(-F60)) | H60: =$W$12*((B60)-$U$5)/$U$6+$W$13 | I60: =1/(1+EXP(-H60)) | J60: =$X$12*((B60)-$U$5)/$U$6+$X$13 | K60: =1/(1+EXP(-J60)) | L60: =$Y$12*((B60)-$U$5)/$U$6+$Y$13 | M60: =1/(1+EXP(-L60)) | N60: =$Z$12*((B60)-$U$5)/$U$6+$Z$13 | O60: =1/(1+EXP(-N60)) | P60: =$AA$12*((B60)-$U$5)/$U$6+$AA$13 | Q60: =1/(1+EXP(-P60)) | R60: =$AB$12*((B60)-$U$5)/$U$6+$AB$13 | S60: =1/(1+EXP(-R60)) | AI60: ='4_Seq_Features'!A58 | AJ60: ='4_Seq_Features'!G58 | AK60: ='4_Seq_Features'!H58 | AL60: ='4_Seq_Features'!E58 | AM60: =$BD$14*((AJ60)-$BD$5)/$BD$6+$BD$15*((AK60)-$BD$7)/$BD$8+$BD$16 | AN60: =1/(1+EXP(-AM60)) | AO60: =$BE$14*((AJ60)-$BD$5)/$BD$6+$BE$15*((AK60)-$BD$7)/$BD$8+$BE$16 | AP60: =1/(1+EXP(-AO60)) | AQ60: =$BF$14*((AJ60)-$BD$5)/$BD$6+$BF$15*((AK60)-$BD$7)/$BD$8+$BF$16 | AR60: =1/(1+EXP(-AQ60)) | AS60: =$BG$14*((AJ60)-$BD$5)/$BD$6+$BG$15*((AK60)-$BD$7)/$BD$8+$BG$16 | AT60: =1/(1+EXP(-AS60)) | AU60: =$BH$14*((AJ60)-$BD$5)/$BD$6+$BH$15*((AK60)-$BD$7)/$BD$8+$BH$16 | AV60: =1/(1+EXP(-AU60)) | AW60: =$BI$14*((AJ60)-$BD$5)/$BD$6+$BI$15*((AK60)-$BD$7)/$BD$8+$BI$16 | AX60: =1/(1+EXP(-AW60)) | AY60: =$BJ$14*((AJ60)-$BD$5)/$BD$6+$BJ$15*((AK60)-$BD$7)/$BD$8+$BJ$16 | AZ60: =1/(1+EXP(-AY60)) | BA60: =$BK$14*((AJ60)-$BD$5)/$BD$6+$BK$15*((AK60)-$BD$7)/$BD$8+$BK$16 | BB60: =1/(1+EXP(-BA60)) | BN60: =SUMPRODUCT((AV$5:AV$899*(1-AV$5:AV$899))*1*1)*'2_Params'!$B$15
A61: ='4_Seq_Features'!A59 | B61: ='4_Seq_Features'!F59 | C61: ='4_Seq_Features'!E59 | D61: =$U$12*((B61)-$U$5)/$U$6+$U$13 | E61: =1/(1+EXP(-D61)) | F61: =$V$12*((B61)-$U$5)/$U$6+$V$13 | G61: =1/(1+EXP(-F61)) | H61: =$W$12*((B61)-$U$5)/$U$6+$W$13 | I61: =1/(1+EXP(-H61)) | J61: =$X$12*((B61)-$U$5)/$U$6+$X$13 | K61: =1/(1+EXP(-J61)) | L61: =$Y$12*((B61)-$U$5)/$U$6+$Y$13 | M61: =1/(1+EXP(-L61)) | N61: =$Z$12*((B61)-$U$5)/$U$6+$Z$13 | O61: =1/(1+EXP(-N61)) | P61: =$AA$12*((B61)-$U$5)/$U$6+$AA$13 | Q61: =1/(1+EXP(-P61)) | R61: =$AB$12*((B61)-$U$5)/$U$6+$AB$13 | S61: =1/(1+EXP(-R61)) | AI61: ='4_Seq_Features'!A59 | AJ61: ='4_Seq_Features'!G59 | AK61: ='4_Seq_Features'!H59 | AL61: ='4_Seq_Features'!E59 | AM61: =$BD$14*((AJ61)-$BD$5)/$BD$6+$BD$15*((AK61)-$BD$7)/$BD$8+$BD$16 | AN61: =1/(1+EXP(-AM61)) | AO61: =$BE$14*((AJ61)-$BD$5)/$BD$6+$BE$15*((AK61)-$BD$7)/$BD$8+$BE$16 | AP61: =1/(1+EXP(-AO61)) | AQ61: =$BF$14*((AJ61)-$BD$5)/$BD$6+$BF$15*((AK61)-$BD$7)/$BD$8+$BF$16 | AR61: =1/(1+EXP(-AQ61)) | AS61: =$BG$14*((AJ61)-$BD$5)/$BD$6+$BG$15*((AK61)-$BD$7)/$BD$8+$BG$16 | AT61: =1/(1+EXP(-AS61)) | AU61: =$BH$14*((AJ61)-$BD$5)/$BD$6+$BH$15*((AK61)-$BD$7)/$BD$8+$BH$16 | AV61: =1/(1+EXP(-AU61)) | AW61: =$BI$14*((AJ61)-$BD$5)/$BD$6+$BI$15*((AK61)-$BD$7)/$BD$8+$BI$16 | AX61: =1/(1+EXP(-AW61)) | AY61: =$BJ$14*((AJ61)-$BD$5)/$BD$6+$BJ$15*((AK61)-$BD$7)/$BD$8+$BJ$16 | AZ61: =1/(1+EXP(-AY61)) | BA61: =$BK$14*((AJ61)-$BD$5)/$BD$6+$BK$15*((AK61)-$BD$7)/$BD$8+$BK$16 | BB61: =1/(1+EXP(-BA61))
A62: ='4_Seq_Features'!A60 | B62: ='4_Seq_Features'!F60 | C62: ='4_Seq_Features'!E60 | D62: =$U$12*((B62)-$U$5)/$U$6+$U$13 | E62: =1/(1+EXP(-D62)) | F62: =$V$12*((B62)-$U$5)/$U$6+$V$13 | G62: =1/(1+EXP(-F62)) | H62: =$W$12*((B62)-$U$5)/$U$6+$W$13 | I62: =1/(1+EXP(-H62)) | J62: =$X$12*((B62)-$U$5)/$U$6+$X$13 | K62: =1/(1+EXP(-J62)) | L62: =$Y$12*((B62)-$U$5)/$U$6+$Y$13 | M62: =1/(1+EXP(-L62)) | N62: =$Z$12*((B62)-$U$5)/$U$6+$Z$13 | O62: =1/(1+EXP(-N62)) | P62: =$AA$12*((B62)-$U$5)/$U$6+$AA$13 | Q62: =1/(1+EXP(-P62)) | R62: =$AB$12*((B62)-$U$5)/$U$6+$AB$13 | S62: =1/(1+EXP(-R62)) | AI62: ='4_Seq_Features'!A60 | AJ62: ='4_Seq_Features'!G60 | AK62: ='4_Seq_Features'!H60 | AL62: ='4_Seq_Features'!E60 | AM62: =$BD$14*((AJ62)-$BD$5)/$BD$6+$BD$15*((AK62)-$BD$7)/$BD$8+$BD$16 | AN62: =1/(1+EXP(-AM62)) | AO62: =$BE$14*((AJ62)-$BD$5)/$BD$6+$BE$15*((AK62)-$BD$7)/$BD$8+$BE$16 | AP62: =1/(1+EXP(-AO62)) | AQ62: =$BF$14*((AJ62)-$BD$5)/$BD$6+$BF$15*((AK62)-$BD$7)/$BD$8+$BF$16 | AR62: =1/(1+EXP(-AQ62)) | AS62: =$BG$14*((AJ62)-$BD$5)/$BD$6+$BG$15*((AK62)-$BD$7)/$BD$8+$BG$16 | AT62: =1/(1+EXP(-AS62)) | AU62: =$BH$14*((AJ62)-$BD$5)/$BD$6+$BH$15*((AK62)-$BD$7)/$BD$8+$BH$16 | AV62: =1/(1+EXP(-AU62)) | AW62: =$BI$14*((AJ62)-$BD$5)/$BD$6+$BI$15*((AK62)-$BD$7)/$BD$8+$BI$16 | AX62: =1/(1+EXP(-AW62)) | AY62: =$BJ$14*((AJ62)-$BD$5)/$BD$6+$BJ$15*((AK62)-$BD$7)/$BD$8+$BJ$16 | AZ62: =1/(1+EXP(-AY62)) | BA62: =$BK$14*((AJ62)-$BD$5)/$BD$6+$BK$15*((AK62)-$BD$7)/$BD$8+$BK$16 | BB62: =1/(1+EXP(-BA62))
A63: ='4_Seq_Features'!A61 | B63: ='4_Seq_Features'!F61 | C63: ='4_Seq_Features'!E61 | D63: =$U$12*((B63)-$U$5)/$U$6+$U$13 | E63: =1/(1+EXP(-D63)) | F63: =$V$12*((B63)-$U$5)/$U$6+$V$13 | G63: =1/(1+EXP(-F63)) | H63: =$W$12*((B63)-$U$5)/$U$6+$W$13 | I63: =1/(1+EXP(-H63)) | J63: =$X$12*((B63)-$U$5)/$U$6+$X$13 | K63: =1/(1+EXP(-J63)) | L63: =$Y$12*((B63)-$U$5)/$U$6+$Y$13 | M63: =1/(1+EXP(-L63)) | N63: =$Z$12*((B63)-$U$5)/$U$6+$Z$13 | O63: =1/(1+EXP(-N63)) | P63: =$AA$12*((B63)-$U$5)/$U$6+$AA$13 | Q63: =1/(1+EXP(-P63)) | R63: =$AB$12*((B63)-$U$5)/$U$6+$AB$13 | S63: =1/(1+EXP(-R63)) | AI63: ='4_Seq_Features'!A61 | AJ63: ='4_Seq_Features'!G61 | AK63: ='4_Seq_Features'!H61 | AL63: ='4_Seq_Features'!E61 | AM63: =$BD$14*((AJ63)-$BD$5)/$BD$6+$BD$15*((AK63)-$BD$7)/$BD$8+$BD$16 | AN63: =1/(1+EXP(-AM63)) | AO63: =$BE$14*((AJ63)-$BD$5)/$BD$6+$BE$15*((AK63)-$BD$7)/$BD$8+$BE$16 | AP63: =1/(1+EXP(-AO63)) | AQ63: =$BF$14*((AJ63)-$BD$5)/$BD$6+$BF$15*((AK63)-$BD$7)/$BD$8+$BF$16 | AR63: =1/(1+EXP(-AQ63)) | AS63: =$BG$14*((AJ63)-$BD$5)/$BD$6+$BG$15*((AK63)-$BD$7)/$BD$8+$BG$16 | AT63: =1/(1+EXP(-AS63)) | AU63: =$BH$14*((AJ63)-$BD$5)/$BD$6+$BH$15*((AK63)-$BD$7)/$BD$8+$BH$16 | AV63: =1/(1+EXP(-AU63)) | AW63: =$BI$14*((AJ63)-$BD$5)/$BD$6+$BI$15*((AK63)-$BD$7)/$BD$8+$BI$16 | AX63: =1/(1+EXP(-AW63)) | AY63: =$BJ$14*((AJ63)-$BD$5)/$BD$6+$BJ$15*((AK63)-$BD$7)/$BD$8+$BJ$16 | AZ63: =1/(1+EXP(-AY63)) | BA63: =$BK$14*((AJ63)-$BD$5)/$BD$6+$BK$15*((AK63)-$BD$7)/$BD$8+$BK$16 | BB63: =1/(1+EXP(-BA63))
A64: ='4_Seq_Features'!A62 | B64: ='4_Seq_Features'!F62 | C64: ='4_Seq_Features'!E62 | D64: =$U$12*((B64)-$U$5)/$U$6+$U$13 | E64: =1/(1+EXP(-D64)) | F64: =$V$12*((B64)-$U$5)/$U$6+$V$13 | G64: =1/(1+EXP(-F64)) | H64: =$W$12*((B64)-$U$5)/$U$6+$W$13 | I64: =1/(1+EXP(-H64)) | J64: =$X$12*((B64)-$U$5)/$U$6+$X$13 | K64: =1/(1+EXP(-J64)) | L64: =$Y$12*((B64)-$U$5)/$U$6+$Y$13 | M64: =1/(1+EXP(-L64)) | N64: =$Z$12*((B64)-$U$5)/$U$6+$Z$13 | O64: =1/(1+EXP(-N64)) | P64: =$AA$12*((B64)-$U$5)/$U$6+$AA$13 | Q64: =1/(1+EXP(-P64)) | R64: =$AB$12*((B64)-$U$5)/$U$6+$AB$13 | S64: =1/(1+EXP(-R64)) | AI64: ='4_Seq_Features'!A62 | AJ64: ='4_Seq_Features'!G62 | AK64: ='4_Seq_Features'!H62 | AL64: ='4_Seq_Features'!E62 | AM64: =$BD$14*((AJ64)-$BD$5)/$BD$6+$BD$15*((AK64)-$BD$7)/$BD$8+$BD$16 | AN64: =1/(1+EXP(-AM64)) | AO64: =$BE$14*((AJ64)-$BD$5)/$BD$6+$BE$15*((AK64)-$BD$7)/$BD$8+$BE$16 | AP64: =1/(1+EXP(-AO64)) | AQ64: =$BF$14*((AJ64)-$BD$5)/$BD$6+$BF$15*((AK64)-$BD$7)/$BD$8+$BF$16 | AR64: =1/(1+EXP(-AQ64)) | AS64: =$BG$14*((AJ64)-$BD$5)/$BD$6+$BG$15*((AK64)-$BD$7)/$BD$8+$BG$16 | AT64: =1/(1+EXP(-AS64)) | AU64: =$BH$14*((AJ64)-$BD$5)/$BD$6+$BH$15*((AK64)-$BD$7)/$BD$8+$BH$16 | AV64: =1/(1+EXP(-AU64)) | AW64: =$BI$14*((AJ64)-$BD$5)/$BD$6+$BI$15*((AK64)-$BD$7)/$BD$8+$BI$16 | AX64: =1/(1+EXP(-AW64)) | AY64: =$BJ$14*((AJ64)-$BD$5)/$BD$6+$BJ$15*((AK64)-$BD$7)/$BD$8+$BJ$16 | AZ64: =1/(1+EXP(-AY64)) | BA64: =$BK$14*((AJ64)-$BD$5)/$BD$6+$BK$15*((AK64)-$BD$7)/$BD$8+$BK$16 | BB64: =1/(1+EXP(-BA64)) | BM64: =SUMPRODUCT((AX$5:AX$899-AL$5:AL$899)*((AJ$5:AJ$899-$BD$5)/$BD$6))*'2_Params'!$B$15+$BI$14 | BN64: =SUMPRODUCT((AX$5:AX$899*(1-AX$5:AX$899))*((AJ$5:AJ$899-$BD$5)/$BD$6)*((AJ$5:AJ$899-$BD$5)/$BD$6))*'2_Params'!$B$15+1
A65: ='4_Seq_Features'!A63 | B65: ='4_Seq_Features'!F63 | C65: ='4_Seq_Features'!E63 | D65: =$U$12*((B65)-$U$5)/$U$6+$U$13 | E65: =1/(1+EXP(-D65)) | F65: =$V$12*((B65)-$U$5)/$U$6+$V$13 | G65: =1/(1+EXP(-F65)) | H65: =$W$12*((B65)-$U$5)/$U$6+$W$13 | I65: =1/(1+EXP(-H65)) | J65: =$X$12*((B65)-$U$5)/$U$6+$X$13 | K65: =1/(1+EXP(-J65)) | L65: =$Y$12*((B65)-$U$5)/$U$6+$Y$13 | M65: =1/(1+EXP(-L65)) | N65: =$Z$12*((B65)-$U$5)/$U$6+$Z$13 | O65: =1/(1+EXP(-N65)) | P65: =$AA$12*((B65)-$U$5)/$U$6+$AA$13 | Q65: =1/(1+EXP(-P65)) | R65: =$AB$12*((B65)-$U$5)/$U$6+$AB$13 | S65: =1/(1+EXP(-R65)) | AI65: ='4_Seq_Features'!A63 | AJ65: ='4_Seq_Features'!G63 | AK65: ='4_Seq_Features'!H63 | AL65: ='4_Seq_Features'!E63 | AM65: =$BD$14*((AJ65)-$BD$5)/$BD$6+$BD$15*((AK65)-$BD$7)/$BD$8+$BD$16 | AN65: =1/(1+EXP(-AM65)) | AO65: =$BE$14*((AJ65)-$BD$5)/$BD$6+$BE$15*((AK65)-$BD$7)/$BD$8+$BE$16 | AP65: =1/(1+EXP(-AO65)) | AQ65: =$BF$14*((AJ65)-$BD$5)/$BD$6+$BF$15*((AK65)-$BD$7)/$BD$8+$BF$16 | AR65: =1/(1+EXP(-AQ65)) | AS65: =$BG$14*((AJ65)-$BD$5)/$BD$6+$BG$15*((AK65)-$BD$7)/$BD$8+$BG$16 | AT65: =1/(1+EXP(-AS65)) | AU65: =$BH$14*((AJ65)-$BD$5)/$BD$6+$BH$15*((AK65)-$BD$7)/$BD$8+$BH$16 | AV65: =1/(1+EXP(-AU65)) | AW65: =$BI$14*((AJ65)-$BD$5)/$BD$6+$BI$15*((AK65)-$BD$7)/$BD$8+$BI$16 | AX65: =1/(1+EXP(-AW65)) | AY65: =$BJ$14*((AJ65)-$BD$5)/$BD$6+$BJ$15*((AK65)-$BD$7)/$BD$8+$BJ$16 | AZ65: =1/(1+EXP(-AY65)) | BA65: =$BK$14*((AJ65)-$BD$5)/$BD$6+$BK$15*((AK65)-$BD$7)/$BD$8+$BK$16 | BB65: =1/(1+EXP(-BA65)) | BM65: =SUMPRODUCT((AX$5:AX$899-AL$5:AL$899)*((AK$5:AK$899-$BD$7)/$BD$8))*'2_Params'!$B$15+$BI$15 | BN65: =SUMPRODUCT((AX$5:AX$899*(1-AX$5:AX$899))*((AJ$5:AJ$899-$BD$5)/$BD$6)*((AK$5:AK$899-$BD$7)/$BD$8))*'2_Params'!$B$15
A66: ='4_Seq_Features'!A64 | B66: ='4_Seq_Features'!F64 | C66: ='4_Seq_Features'!E64 | D66: =$U$12*((B66)-$U$5)/$U$6+$U$13 | E66: =1/(1+EXP(-D66)) | F66: =$V$12*((B66)-$U$5)/$U$6+$V$13 | G66: =1/(1+EXP(-F66)) | H66: =$W$12*((B66)-$U$5)/$U$6+$W$13 | I66: =1/(1+EXP(-H66)) | J66: =$X$12*((B66)-$U$5)/$U$6+$X$13 | K66: =1/(1+EXP(-J66)) | L66: =$Y$12*((B66)-$U$5)/$U$6+$Y$13 | M66: =1/(1+EXP(-L66)) | N66: =$Z$12*((B66)-$U$5)/$U$6+$Z$13 | O66: =1/(1+EXP(-N66)) | P66: =$AA$12*((B66)-$U$5)/$U$6+$AA$13 | Q66: =1/(1+EXP(-P66)) | R66: =$AB$12*((B66)-$U$5)/$U$6+$AB$13 | S66: =1/(1+EXP(-R66)) | AI66: ='4_Seq_Features'!A64 | AJ66: ='4_Seq_Features'!G64 | AK66: ='4_Seq_Features'!H64 | AL66: ='4_Seq_Features'!E64 | AM66: =$BD$14*((AJ66)-$BD$5)/$BD$6+$BD$15*((AK66)-$BD$7)/$BD$8+$BD$16 | AN66: =1/(1+EXP(-AM66)) | AO66: =$BE$14*((AJ66)-$BD$5)/$BD$6+$BE$15*((AK66)-$BD$7)/$BD$8+$BE$16 | AP66: =1/(1+EXP(-AO66)) | AQ66: =$BF$14*((AJ66)-$BD$5)/$BD$6+$BF$15*((AK66)-$BD$7)/$BD$8+$BF$16 | AR66: =1/(1+EXP(-AQ66)) | AS66: =$BG$14*((AJ66)-$BD$5)/$BD$6+$BG$15*((AK66)-$BD$7)/$BD$8+$BG$16 | AT66: =1/(1+EXP(-AS66)) | AU66: =$BH$14*((AJ66)-$BD$5)/$BD$6+$BH$15*((AK66)-$BD$7)/$BD$8+$BH$16 | AV66: =1/(1+EXP(-AU66)) | AW66: =$BI$14*((AJ66)-$BD$5)/$BD$6+$BI$15*((AK66)-$BD$7)/$BD$8+$BI$16 | AX66: =1/(1+EXP(-AW66)) | AY66: =$BJ$14*((AJ66)-$BD$5)/$BD$6+$BJ$15*((AK66)-$BD$7)/$BD$8+$BJ$16 | AZ66: =1/(1+EXP(-AY66)) | BA66: =$BK$14*((AJ66)-$BD$5)/$BD$6+$BK$15*((AK66)-$BD$7)/$BD$8+$BK$16 | BB66: =1/(1+EXP(-BA66)) | BM66: =SUMPRODUCT(AX$5:AX$899-AL$5:AL$899)*'2_Params'!$B$15+0 | BN66: =SUMPRODUCT((AX$5:AX$899*(1-AX$5:AX$899))*((AJ$5:AJ$899-$BD$5)/$BD$6)*1)*'2_Params'!$B$15
A67: ='4_Seq_Features'!A65 | B67: ='4_Seq_Features'!F65 | C67: ='4_Seq_Features'!E65 | D67: =$U$12*((B67)-$U$5)/$U$6+$U$13 | E67: =1/(1+EXP(-D67)) | F67: =$V$12*((B67)-$U$5)/$U$6+$V$13 | G67: =1/(1+EXP(-F67)) | H67: =$W$12*((B67)-$U$5)/$U$6+$W$13 | I67: =1/(1+EXP(-H67)) | J67: =$X$12*((B67)-$U$5)/$U$6+$X$13 | K67: =1/(1+EXP(-J67)) | L67: =$Y$12*((B67)-$U$5)/$U$6+$Y$13 | M67: =1/(1+EXP(-L67)) | N67: =$Z$12*((B67)-$U$5)/$U$6+$Z$13 | O67: =1/(1+EXP(-N67)) | P67: =$AA$12*((B67)-$U$5)/$U$6+$AA$13 | Q67: =1/(1+EXP(-P67)) | R67: =$AB$12*((B67)-$U$5)/$U$6+$AB$13 | S67: =1/(1+EXP(-R67)) | AI67: ='4_Seq_Features'!A65 | AJ67: ='4_Seq_Features'!G65 | AK67: ='4_Seq_Features'!H65 | AL67: ='4_Seq_Features'!E65 | AM67: =$BD$14*((AJ67)-$BD$5)/$BD$6+$BD$15*((AK67)-$BD$7)/$BD$8+$BD$16 | AN67: =1/(1+EXP(-AM67)) | AO67: =$BE$14*((AJ67)-$BD$5)/$BD$6+$BE$15*((AK67)-$BD$7)/$BD$8+$BE$16 | AP67: =1/(1+EXP(-AO67)) | AQ67: =$BF$14*((AJ67)-$BD$5)/$BD$6+$BF$15*((AK67)-$BD$7)/$BD$8+$BF$16 | AR67: =1/(1+EXP(-AQ67)) | AS67: =$BG$14*((AJ67)-$BD$5)/$BD$6+$BG$15*((AK67)-$BD$7)/$BD$8+$BG$16 | AT67: =1/(1+EXP(-AS67)) | AU67: =$BH$14*((AJ67)-$BD$5)/$BD$6+$BH$15*((AK67)-$BD$7)/$BD$8+$BH$16 | AV67: =1/(1+EXP(-AU67)) | AW67: =$BI$14*((AJ67)-$BD$5)/$BD$6+$BI$15*((AK67)-$BD$7)/$BD$8+$BI$16 | AX67: =1/(1+EXP(-AW67)) | AY67: =$BJ$14*((AJ67)-$BD$5)/$BD$6+$BJ$15*((AK67)-$BD$7)/$BD$8+$BJ$16 | AZ67: =1/(1+EXP(-AY67)) | BA67: =$BK$14*((AJ67)-$BD$5)/$BD$6+$BK$15*((AK67)-$BD$7)/$BD$8+$BK$16 | BB67: =1/(1+EXP(-BA67)) | BN67: =SUMPRODUCT((AX$5:AX$899*(1-AX$5:AX$899))*((AK$5:AK$899-$BD$7)/$BD$8)*((AK$5:AK$899-$BD$7)/$BD$8))*'2_Params'!$B$15+1
A68: ='4_Seq_Features'!A66 | B68: ='4_Seq_Features'!F66 | C68: ='4_Seq_Features'!E66 | D68: =$U$12*((B68)-$U$5)/$U$6+$U$13 | E68: =1/(1+EXP(-D68)) | F68: =$V$12*((B68)-$U$5)/$U$6+$V$13 | G68: =1/(1+EXP(-F68)) | H68: =$W$12*((B68)-$U$5)/$U$6+$W$13 | I68: =1/(1+EXP(-H68)) | J68: =$X$12*((B68)-$U$5)/$U$6+$X$13 | K68: =1/(1+EXP(-J68)) | L68: =$Y$12*((B68)-$U$5)/$U$6+$Y$13 | M68: =1/(1+EXP(-L68)) | N68: =$Z$12*((B68)-$U$5)/$U$6+$Z$13 | O68: =1/(1+EXP(-N68)) | P68: =$AA$12*((B68)-$U$5)/$U$6+$AA$13 | Q68: =1/(1+EXP(-P68)) | R68: =$AB$12*((B68)-$U$5)/$U$6+$AB$13 | S68: =1/(1+EXP(-R68)) | AI68: ='4_Seq_Features'!A66 | AJ68: ='4_Seq_Features'!G66 | AK68: ='4_Seq_Features'!H66 | AL68: ='4_Seq_Features'!E66 | AM68: =$BD$14*((AJ68)-$BD$5)/$BD$6+$BD$15*((AK68)-$BD$7)/$BD$8+$BD$16 | AN68: =1/(1+EXP(-AM68)) | AO68: =$BE$14*((AJ68)-$BD$5)/$BD$6+$BE$15*((AK68)-$BD$7)/$BD$8+$BE$16 | AP68: =1/(1+EXP(-AO68)) | AQ68: =$BF$14*((AJ68)-$BD$5)/$BD$6+$BF$15*((AK68)-$BD$7)/$BD$8+$BF$16 | AR68: =1/(1+EXP(-AQ68)) | AS68: =$BG$14*((AJ68)-$BD$5)/$BD$6+$BG$15*((AK68)-$BD$7)/$BD$8+$BG$16 | AT68: =1/(1+EXP(-AS68)) | AU68: =$BH$14*((AJ68)-$BD$5)/$BD$6+$BH$15*((AK68)-$BD$7)/$BD$8+$BH$16 | AV68: =1/(1+EXP(-AU68)) | AW68: =$BI$14*((AJ68)-$BD$5)/$BD$6+$BI$15*((AK68)-$BD$7)/$BD$8+$BI$16 | AX68: =1/(1+EXP(-AW68)) | AY68: =$BJ$14*((AJ68)-$BD$5)/$BD$6+$BJ$15*((AK68)-$BD$7)/$BD$8+$BJ$16 | AZ68: =1/(1+EXP(-AY68)) | BA68: =$BK$14*((AJ68)-$BD$5)/$BD$6+$BK$15*((AK68)-$BD$7)/$BD$8+$BK$16 | BB68: =1/(1+EXP(-BA68)) | BN68: =SUMPRODUCT((AX$5:AX$899*(1-AX$5:AX$899))*((AK$5:AK$899-$BD$7)/$BD$8)*1)*'2_Params'!$B$15
A69: ='4_Seq_Features'!A67 | B69: ='4_Seq_Features'!F67 | C69: ='4_Seq_Features'!E67 | D69: =$U$12*((B69)-$U$5)/$U$6+$U$13 | E69: =1/(1+EXP(-D69)) | F69: =$V$12*((B69)-$U$5)/$U$6+$V$13 | G69: =1/(1+EXP(-F69)) | H69: =$W$12*((B69)-$U$5)/$U$6+$W$13 | I69: =1/(1+EXP(-H69)) | J69: =$X$12*((B69)-$U$5)/$U$6+$X$13 | K69: =1/(1+EXP(-J69)) | L69: =$Y$12*((B69)-$U$5)/$U$6+$Y$13 | M69: =1/(1+EXP(-L69)) | N69: =$Z$12*((B69)-$U$5)/$U$6+$Z$13 | O69: =1/(1+EXP(-N69)) | P69: =$AA$12*((B69)-$U$5)/$U$6+$AA$13 | Q69: =1/(1+EXP(-P69)) | R69: =$AB$12*((B69)-$U$5)/$U$6+$AB$13 | S69: =1/(1+EXP(-R69)) | AI69: ='4_Seq_Features'!A67 | AJ69: ='4_Seq_Features'!G67 | AK69: ='4_Seq_Features'!H67 | AL69: ='4_Seq_Features'!E67 | AM69: =$BD$14*((AJ69)-$BD$5)/$BD$6+$BD$15*((AK69)-$BD$7)/$BD$8+$BD$16 | AN69: =1/(1+EXP(-AM69)) | AO69: =$BE$14*((AJ69)-$BD$5)/$BD$6+$BE$15*((AK69)-$BD$7)/$BD$8+$BE$16 | AP69: =1/(1+EXP(-AO69)) | AQ69: =$BF$14*((AJ69)-$BD$5)/$BD$6+$BF$15*((AK69)-$BD$7)/$BD$8+$BF$16 | AR69: =1/(1+EXP(-AQ69)) | AS69: =$BG$14*((AJ69)-$BD$5)/$BD$6+$BG$15*((AK69)-$BD$7)/$BD$8+$BG$16 | AT69: =1/(1+EXP(-AS69)) | AU69: =$BH$14*((AJ69)-$BD$5)/$BD$6+$BH$15*((AK69)-$BD$7)/$BD$8+$BH$16 | AV69: =1/(1+EXP(-AU69)) | AW69: =$BI$14*((AJ69)-$BD$5)/$BD$6+$BI$15*((AK69)-$BD$7)/$BD$8+$BI$16 | AX69: =1/(1+EXP(-AW69)) | AY69: =$BJ$14*((AJ69)-$BD$5)/$BD$6+$BJ$15*((AK69)-$BD$7)/$BD$8+$BJ$16 | AZ69: =1/(1+EXP(-AY69)) | BA69: =$BK$14*((AJ69)-$BD$5)/$BD$6+$BK$15*((AK69)-$BD$7)/$BD$8+$BK$16 | BB69: =1/(1+EXP(-BA69)) | BN69: =SUMPRODUCT((AX$5:AX$899*(1-AX$5:AX$899))*1*1)*'2_Params'!$B$15
A70: ='4_Seq_Features'!A68 | B70: ='4_Seq_Features'!F68 | C70: ='4_Seq_Features'!E68 | D70: =$U$12*((B70)-$U$5)/$U$6+$U$13 | E70: =1/(1+EXP(-D70)) | F70: =$V$12*((B70)-$U$5)/$U$6+$V$13 | G70: =1/(1+EXP(-F70)) | H70: =$W$12*((B70)-$U$5)/$U$6+$W$13 | I70: =1/(1+EXP(-H70)) | J70: =$X$12*((B70)-$U$5)/$U$6+$X$13 | K70: =1/(1+EXP(-J70)) | L70: =$Y$12*((B70)-$U$5)/$U$6+$Y$13 | M70: =1/(1+EXP(-L70)) | N70: =$Z$12*((B70)-$U$5)/$U$6+$Z$13 | O70: =1/(1+EXP(-N70)) | P70: =$AA$12*((B70)-$U$5)/$U$6+$AA$13 | Q70: =1/(1+EXP(-P70)) | R70: =$AB$12*((B70)-$U$5)/$U$6+$AB$13 | S70: =1/(1+EXP(-R70)) | AI70: ='4_Seq_Features'!A68 | AJ70: ='4_Seq_Features'!G68 | AK70: ='4_Seq_Features'!H68 | AL70: ='4_Seq_Features'!E68 | AM70: =$BD$14*((AJ70)-$BD$5)/$BD$6+$BD$15*((AK70)-$BD$7)/$BD$8+$BD$16 | AN70: =1/(1+EXP(-AM70)) | AO70: =$BE$14*((AJ70)-$BD$5)/$BD$6+$BE$15*((AK70)-$BD$7)/$BD$8+$BE$16 | AP70: =1/(1+EXP(-AO70)) | AQ70: =$BF$14*((AJ70)-$BD$5)/$BD$6+$BF$15*((AK70)-$BD$7)/$BD$8+$BF$16 | AR70: =1/(1+EXP(-AQ70)) | AS70: =$BG$14*((AJ70)-$BD$5)/$BD$6+$BG$15*((AK70)-$BD$7)/$BD$8+$BG$16 | AT70: =1/(1+EXP(-AS70)) | AU70: =$BH$14*((AJ70)-$BD$5)/$BD$6+$BH$15*((AK70)-$BD$7)/$BD$8+$BH$16 | AV70: =1/(1+EXP(-AU70)) | AW70: =$BI$14*((AJ70)-$BD$5)/$BD$6+$BI$15*((AK70)-$BD$7)/$BD$8+$BI$16 | AX70: =1/(1+EXP(-AW70)) | AY70: =$BJ$14*((AJ70)-$BD$5)/$BD$6+$BJ$15*((AK70)-$BD$7)/$BD$8+$BJ$16 | AZ70: =1/(1+EXP(-AY70)) | BA70: =$BK$14*((AJ70)-$BD$5)/$BD$6+$BK$15*((AK70)-$BD$7)/$BD$8+$BK$16 | BB70: =1/(1+EXP(-BA70))
A71: ='4_Seq_Features'!A69 | B71: ='4_Seq_Features'!F69 | C71: ='4_Seq_Features'!E69 | D71: =$U$12*((B71)-$U$5)/$U$6+$U$13 | E71: =1/(1+EXP(-D71)) | F71: =$V$12*((B71)-$U$5)/$U$6+$V$13 | G71: =1/(1+EXP(-F71)) | H71: =$W$12*((B71)-$U$5)/$U$6+$W$13 | I71: =1/(1+EXP(-H71)) | J71: =$X$12*((B71)-$U$5)/$U$6+$X$13 | K71: =1/(1+EXP(-J71)) | L71: =$Y$12*((B71)-$U$5)/$U$6+$Y$13 | M71: =1/(1+EXP(-L71)) | N71: =$Z$12*((B71)-$U$5)/$U$6+$Z$13 | O71: =1/(1+EXP(-N71)) | P71: =$AA$12*((B71)-$U$5)/$U$6+$AA$13 | Q71: =1/(1+EXP(-P71)) | R71: =$AB$12*((B71)-$U$5)/$U$6+$AB$13 | S71: =1/(1+EXP(-R71)) | AI71: ='4_Seq_Features'!A69 | AJ71: ='4_Seq_Features'!G69 | AK71: ='4_Seq_Features'!H69 | AL71: ='4_Seq_Features'!E69 | AM71: =$BD$14*((AJ71)-$BD$5)/$BD$6+$BD$15*((AK71)-$BD$7)/$BD$8+$BD$16 | AN71: =1/(1+EXP(-AM71)) | AO71: =$BE$14*((AJ71)-$BD$5)/$BD$6+$BE$15*((AK71)-$BD$7)/$BD$8+$BE$16 | AP71: =1/(1+EXP(-AO71)) | AQ71: =$BF$14*((AJ71)-$BD$5)/$BD$6+$BF$15*((AK71)-$BD$7)/$BD$8+$BF$16 | AR71: =1/(1+EXP(-AQ71)) | AS71: =$BG$14*((AJ71)-$BD$5)/$BD$6+$BG$15*((AK71)-$BD$7)/$BD$8+$BG$16 | AT71: =1/(1+EXP(-AS71)) | AU71: =$BH$14*((AJ71)-$BD$5)/$BD$6+$BH$15*((AK71)-$BD$7)/$BD$8+$BH$16 | AV71: =1/(1+EXP(-AU71)) | AW71: =$BI$14*((AJ71)-$BD$5)/$BD$6+$BI$15*((AK71)-$BD$7)/$BD$8+$BI$16 | AX71: =1/(1+EXP(-AW71)) | AY71: =$BJ$14*((AJ71)-$BD$5)/$BD$6+$BJ$15*((AK71)-$BD$7)/$BD$8+$BJ$16 | AZ71: =1/(1+EXP(-AY71)) | BA71: =$BK$14*((AJ71)-$BD$5)/$BD$6+$BK$15*((AK71)-$BD$7)/$BD$8+$BK$16 | BB71: =1/(1+EXP(-BA71))
A72: ='4_Seq_Features'!A70 | B72: ='4_Seq_Features'!F70 | C72: ='4_Seq_Features'!E70 | D72: =$U$12*((B72)-$U$5)/$U$6+$U$13 | E72: =1/(1+EXP(-D72)) | F72: =$V$12*((B72)-$U$5)/$U$6+$V$13 | G72: =1/(1+EXP(-F72)) | H72: =$W$12*((B72)-$U$5)/$U$6+$W$13 | I72: =1/(1+EXP(-H72)) | J72: =$X$12*((B72)-$U$5)/$U$6+$X$13 | K72: =1/(1+EXP(-J72)) | L72: =$Y$12*((B72)-$U$5)/$U$6+$Y$13 | M72: =1/(1+EXP(-L72)) | N72: =$Z$12*((B72)-$U$5)/$U$6+$Z$13 | O72: =1/(1+EXP(-N72)) | P72: =$AA$12*((B72)-$U$5)/$U$6+$AA$13 | Q72: =1/(1+EXP(-P72)) | R72: =$AB$12*((B72)-$U$5)/$U$6+$AB$13 | S72: =1/(1+EXP(-R72)) | AI72: ='4_Seq_Features'!A70 | AJ72: ='4_Seq_Features'!G70 | AK72: ='4_Seq_Features'!H70 | AL72: ='4_Seq_Features'!E70 | AM72: =$BD$14*((AJ72)-$BD$5)/$BD$6+$BD$15*((AK72)-$BD$7)/$BD$8+$BD$16 | AN72: =1/(1+EXP(-AM72)) | AO72: =$BE$14*((AJ72)-$BD$5)/$BD$6+$BE$15*((AK72)-$BD$7)/$BD$8+$BE$16 | AP72: =1/(1+EXP(-AO72)) | AQ72: =$BF$14*((AJ72)-$BD$5)/$BD$6+$BF$15*((AK72)-$BD$7)/$BD$8+$BF$16 | AR72: =1/(1+EXP(-AQ72)) | AS72: =$BG$14*((AJ72)-$BD$5)/$BD$6+$BG$15*((AK72)-$BD$7)/$BD$8+$BG$16 | AT72: =1/(1+EXP(-AS72)) | AU72: =$BH$14*((AJ72)-$BD$5)/$BD$6+$BH$15*((AK72)-$BD$7)/$BD$8+$BH$16 | AV72: =1/(1+EXP(-AU72)) | AW72: =$BI$14*((AJ72)-$BD$5)/$BD$6+$BI$15*((AK72)-$BD$7)/$BD$8+$BI$16 | AX72: =1/(1+EXP(-AW72)) | AY72: =$BJ$14*((AJ72)-$BD$5)/$BD$6+$BJ$15*((AK72)-$BD$7)/$BD$8+$BJ$16 | AZ72: =1/(1+EXP(-AY72)) | BA72: =$BK$14*((AJ72)-$BD$5)/$BD$6+$BK$15*((AK72)-$BD$7)/$BD$8+$BK$16 | BB72: =1/(1+EXP(-BA72))
A73: ='4_Seq_Features'!A71 | B73: ='4_Seq_Features'!F71 | C73: ='4_Seq_Features'!E71 | D73: =$U$12*((B73)-$U$5)/$U$6+$U$13 | E73: =1/(1+EXP(-D73)) | F73: =$V$12*((B73)-$U$5)/$U$6+$V$13 | G73: =1/(1+EXP(-F73)) | H73: =$W$12*((B73)-$U$5)/$U$6+$W$13 | I73: =1/(1+EXP(-H73)) | J73: =$X$12*((B73)-$U$5)/$U$6+$X$13 | K73: =1/(1+EXP(-J73)) | L73: =$Y$12*((B73)-$U$5)/$U$6+$Y$13 | M73: =1/(1+EXP(-L73)) | N73: =$Z$12*((B73)-$U$5)/$U$6+$Z$13 | O73: =1/(1+EXP(-N73)) | P73: =$AA$12*((B73)-$U$5)/$U$6+$AA$13 | Q73: =1/(1+EXP(-P73)) | R73: =$AB$12*((B73)-$U$5)/$U$6+$AB$13 | S73: =1/(1+EXP(-R73)) | AI73: ='4_Seq_Features'!A71 | AJ73: ='4_Seq_Features'!G71 | AK73: ='4_Seq_Features'!H71 | AL73: ='4_Seq_Features'!E71 | AM73: =$BD$14*((AJ73)-$BD$5)/$BD$6+$BD$15*((AK73)-$BD$7)/$BD$8+$BD$16 | AN73: =1/(1+EXP(-AM73)) | AO73: =$BE$14*((AJ73)-$BD$5)/$BD$6+$BE$15*((AK73)-$BD$7)/$BD$8+$BE$16 | AP73: =1/(1+EXP(-AO73)) | AQ73: =$BF$14*((AJ73)-$BD$5)/$BD$6+$BF$15*((AK73)-$BD$7)/$BD$8+$BF$16 | AR73: =1/(1+EXP(-AQ73)) | AS73: =$BG$14*((AJ73)-$BD$5)/$BD$6+$BG$15*((AK73)-$BD$7)/$BD$8+$BG$16 | AT73: =1/(1+EXP(-AS73)) | AU73: =$BH$14*((AJ73)-$BD$5)/$BD$6+$BH$15*((AK73)-$BD$7)/$BD$8+$BH$16 | AV73: =1/(1+EXP(-AU73)) | AW73: =$BI$14*((AJ73)-$BD$5)/$BD$6+$BI$15*((AK73)-$BD$7)/$BD$8+$BI$16 | AX73: =1/(1+EXP(-AW73)) | AY73: =$BJ$14*((AJ73)-$BD$5)/$BD$6+$BJ$15*((AK73)-$BD$7)/$BD$8+$BJ$16 | AZ73: =1/(1+EXP(-AY73)) | BA73: =$BK$14*((AJ73)-$BD$5)/$BD$6+$BK$15*((AK73)-$BD$7)/$BD$8+$BK$16 | BB73: =1/(1+EXP(-BA73)) | BM73: =SUMPRODUCT((AZ$5:AZ$899-AL$5:AL$899)*((AJ$5:AJ$899-$BD$5)/$BD$6))*'2_Params'!$B$15+$BJ$14 | BN73: =SUMPRODUCT((AZ$5:AZ$899*(1-AZ$5:AZ$899))*((AJ$5:AJ$899-$BD$5)/$BD$6)*((AJ$5:AJ$899-$BD$5)/$BD$6))*'2_Params'!$B$15+1
A74: ='4_Seq_Features'!A72 | B74: ='4_Seq_Features'!F72 | C74: ='4_Seq_Features'!E72 | D74: =$U$12*((B74)-$U$5)/$U$6+$U$13 | E74: =1/(1+EXP(-D74)) | F74: =$V$12*((B74)-$U$5)/$U$6+$V$13 | G74: =1/(1+EXP(-F74)) | H74: =$W$12*((B74)-$U$5)/$U$6+$W$13 | I74: =1/(1+EXP(-H74)) | J74: =$X$12*((B74)-$U$5)/$U$6+$X$13 | K74: =1/(1+EXP(-J74)) | L74: =$Y$12*((B74)-$U$5)/$U$6+$Y$13 | M74: =1/(1+EXP(-L74)) | N74: =$Z$12*((B74)-$U$5)/$U$6+$Z$13 | O74: =1/(1+EXP(-N74)) | P74: =$AA$12*((B74)-$U$5)/$U$6+$AA$13 | Q74: =1/(1+EXP(-P74)) | R74: =$AB$12*((B74)-$U$5)/$U$6+$AB$13 | S74: =1/(1+EXP(-R74)) | AI74: ='4_Seq_Features'!A72 | AJ74: ='4_Seq_Features'!G72 | AK74: ='4_Seq_Features'!H72 | AL74: ='4_Seq_Features'!E72 | AM74: =$BD$14*((AJ74)-$BD$5)/$BD$6+$BD$15*((AK74)-$BD$7)/$BD$8+$BD$16 | AN74: =1/(1+EXP(-AM74)) | AO74: =$BE$14*((AJ74)-$BD$5)/$BD$6+$BE$15*((AK74)-$BD$7)/$BD$8+$BE$16 | AP74: =1/(1+EXP(-AO74)) | AQ74: =$BF$14*((AJ74)-$BD$5)/$BD$6+$BF$15*((AK74)-$BD$7)/$BD$8+$BF$16 | AR74: =1/(1+EXP(-AQ74)) | AS74: =$BG$14*((AJ74)-$BD$5)/$BD$6+$BG$15*((AK74)-$BD$7)/$BD$8+$BG$16 | AT74: =1/(1+EXP(-AS74)) | AU74: =$BH$14*((AJ74)-$BD$5)/$BD$6+$BH$15*((AK74)-$BD$7)/$BD$8+$BH$16 | AV74: =1/(1+EXP(-AU74)) | AW74: =$BI$14*((AJ74)-$BD$5)/$BD$6+$BI$15*((AK74)-$BD$7)/$BD$8+$BI$16 | AX74: =1/(1+EXP(-AW74)) | AY74: =$BJ$14*((AJ74)-$BD$5)/$BD$6+$BJ$15*((AK74)-$BD$7)/$BD$8+$BJ$16 | AZ74: =1/(1+EXP(-AY74)) | BA74: =$BK$14*((AJ74)-$BD$5)/$BD$6+$BK$15*((AK74)-$BD$7)/$BD$8+$BK$16 | BB74: =1/(1+EXP(-BA74)) | BM74: =SUMPRODUCT((AZ$5:AZ$899-AL$5:AL$899)*((AK$5:AK$899-$BD$7)/$BD$8))*'2_Params'!$B$15+$BJ$15 | BN74: =SUMPRODUCT((AZ$5:AZ$899*(1-AZ$5:AZ$899))*((AJ$5:AJ$899-$BD$5)/$BD$6)*((AK$5:AK$899-$BD$7)/$BD$8))*'2_Params'!$B$15
A75: ='4_Seq_Features'!A73 | B75: ='4_Seq_Features'!F73 | C75: ='4_Seq_Features'!E73 | D75: =$U$12*((B75)-$U$5)/$U$6+$U$13 | E75: =1/(1+EXP(-D75)) | F75: =$V$12*((B75)-$U$5)/$U$6+$V$13 | G75: =1/(1+EXP(-F75)) | H75: =$W$12*((B75)-$U$5)/$U$6+$W$13 | I75: =1/(1+EXP(-H75)) | J75: =$X$12*((B75)-$U$5)/$U$6+$X$13 | K75: =1/(1+EXP(-J75)) | L75: =$Y$12*((B75)-$U$5)/$U$6+$Y$13 | M75: =1/(1+EXP(-L75)) | N75: =$Z$12*((B75)-$U$5)/$U$6+$Z$13 | O75: =1/(1+EXP(-N75)) | P75: =$AA$12*((B75)-$U$5)/$U$6+$AA$13 | Q75: =1/(1+EXP(-P75)) | R75: =$AB$12*((B75)-$U$5)/$U$6+$AB$13 | S75: =1/(1+EXP(-R75)) | AI75: ='4_Seq_Features'!A73 | AJ75: ='4_Seq_Features'!G73 | AK75: ='4_Seq_Features'!H73 | AL75: ='4_Seq_Features'!E73 | AM75: =$BD$14*((AJ75)-$BD$5)/$BD$6+$BD$15*((AK75)-$BD$7)/$BD$8+$BD$16 | AN75: =1/(1+EXP(-AM75)) | AO75: =$BE$14*((AJ75)-$BD$5)/$BD$6+$BE$15*((AK75)-$BD$7)/$BD$8+$BE$16 | AP75: =1/(1+EXP(-AO75)) | AQ75: =$BF$14*((AJ75)-$BD$5)/$BD$6+$BF$15*((AK75)-$BD$7)/$BD$8+$BF$16 | AR75: =1/(1+EXP(-AQ75)) | AS75: =$BG$14*((AJ75)-$BD$5)/$BD$6+$BG$15*((AK75)-$BD$7)/$BD$8+$BG$16 | AT75: =1/(1+EXP(-AS75)) | AU75: =$BH$14*((AJ75)-$BD$5)/$BD$6+$BH$15*((AK75)-$BD$7)/$BD$8+$BH$16 | AV75: =1/(1+EXP(-AU75)) | AW75: =$BI$14*((AJ75)-$BD$5)/$BD$6+$BI$15*((AK75)-$BD$7)/$BD$8+$BI$16 | AX75: =1/(1+EXP(-AW75)) | AY75: =$BJ$14*((AJ75)-$BD$5)/$BD$6+$BJ$15*((AK75)-$BD$7)/$BD$8+$BJ$16 | AZ75: =1/(1+EXP(-AY75)) | BA75: =$BK$14*((AJ75)-$BD$5)/$BD$6+$BK$15*((AK75)-$BD$7)/$BD$8+$BK$16 | BB75: =1/(1+EXP(-BA75)) | BM75: =SUMPRODUCT(AZ$5:AZ$899-AL$5:AL$899)*'2_Params'!$B$15+0 | BN75: =SUMPRODUCT((AZ$5:AZ$899*(1-AZ$5:AZ$899))*((AJ$5:AJ$899-$BD$5)/$BD$6)*1)*'2_Params'!$B$15
A76: ='4_Seq_Features'!A74 | B76: ='4_Seq_Features'!F74 | C76: ='4_Seq_Features'!E74 | D76: =$U$12*((B76)-$U$5)/$U$6+$U$13 | E76: =1/(1+EXP(-D76)) | F76: =$V$12*((B76)-$U$5)/$U$6+$V$13 | G76: =1/(1+EXP(-F76)) | H76: =$W$12*((B76)-$U$5)/$U$6+$W$13 | I76: =1/(1+EXP(-H76)) | J76: =$X$12*((B76)-$U$5)/$U$6+$X$13 | K76: =1/(1+EXP(-J76)) | L76: =$Y$12*((B76)-$U$5)/$U$6+$Y$13 | M76: =1/(1+EXP(-L76)) | N76: =$Z$12*((B76)-$U$5)/$U$6+$Z$13 | O76: =1/(1+EXP(-N76)) | P76: =$AA$12*((B76)-$U$5)/$U$6+$AA$13 | Q76: =1/(1+EXP(-P76)) | R76: =$AB$12*((B76)-$U$5)/$U$6+$AB$13 | S76: =1/(1+EXP(-R76)) | AI76: ='4_Seq_Features'!A74 | AJ76: ='4_Seq_Features'!G74 | AK76: ='4_Seq_Features'!H74 | AL76: ='4_Seq_Features'!E74 | AM76: =$BD$14*((AJ76)-$BD$5)/$BD$6+$BD$15*((AK76)-$BD$7)/$BD$8+$BD$16 | AN76: =1/(1+EXP(-AM76)) | AO76: =$BE$14*((AJ76)-$BD$5)/$BD$6+$BE$15*((AK76)-$BD$7)/$BD$8+$BE$16 | AP76: =1/(1+EXP(-AO76)) | AQ76: =$BF$14*((AJ76)-$BD$5)/$BD$6+$BF$15*((AK76)-$BD$7)/$BD$8+$BF$16 | AR76: =1/(1+EXP(-AQ76)) | AS76: =$BG$14*((AJ76)-$BD$5)/$BD$6+$BG$15*((AK76)-$BD$7)/$BD$8+$BG$16 | AT76: =1/(1+EXP(-AS76)) | AU76: =$BH$14*((AJ76)-$BD$5)/$BD$6+$BH$15*((AK76)-$BD$7)/$BD$8+$BH$16 | AV76: =1/(1+EXP(-AU76)) | AW76: =$BI$14*((AJ76)-$BD$5)/$BD$6+$BI$15*((AK76)-$BD$7)/$BD$8+$BI$16 | AX76: =1/(1+EXP(-AW76)) | AY76: =$BJ$14*((AJ76)-$BD$5)/$BD$6+$BJ$15*((AK76)-$BD$7)/$BD$8+$BJ$16 | AZ76: =1/(1+EXP(-AY76)) | BA76: =$BK$14*((AJ76)-$BD$5)/$BD$6+$BK$15*((AK76)-$BD$7)/$BD$8+$BK$16 | BB76: =1/(1+EXP(-BA76)) | BN76: =SUMPRODUCT((AZ$5:AZ$899*(1-AZ$5:AZ$899))*((AK$5:AK$899-$BD$7)/$BD$8)*((AK$5:AK$899-$BD$7)/$BD$8))*'2_Params'!$B$15+1
A77: ='4_Seq_Features'!A75 | B77: ='4_Seq_Features'!F75 | C77: ='4_Seq_Features'!E75 | D77: =$U$12*((B77)-$U$5)/$U$6+$U$13 | E77: =1/(1+EXP(-D77)) | F77: =$V$12*((B77)-$U$5)/$U$6+$V$13 | G77: =1/(1+EXP(-F77)) | H77: =$W$12*((B77)-$U$5)/$U$6+$W$13 | I77: =1/(1+EXP(-H77)) | J77: =$X$12*((B77)-$U$5)/$U$6+$X$13 | K77: =1/(1+EXP(-J77)) | L77: =$Y$12*((B77)-$U$5)/$U$6+$Y$13 | M77: =1/(1+EXP(-L77)) | N77: =$Z$12*((B77)-$U$5)/$U$6+$Z$13 | O77: =1/(1+EXP(-N77)) | P77: =$AA$12*((B77)-$U$5)/$U$6+$AA$13 | Q77: =1/(1+EXP(-P77)) | R77: =$AB$12*((B77)-$U$5)/$U$6+$AB$13 | S77: =1/(1+EXP(-R77)) | AI77: ='4_Seq_Features'!A75 | AJ77: ='4_Seq_Features'!G75 | AK77: ='4_Seq_Features'!H75 | AL77: ='4_Seq_Features'!E75 | AM77: =$BD$14*((AJ77)-$BD$5)/$BD$6+$BD$15*((AK77)-$BD$7)/$BD$8+$BD$16 | AN77: =1/(1+EXP(-AM77)) | AO77: =$BE$14*((AJ77)-$BD$5)/$BD$6+$BE$15*((AK77)-$BD$7)/$BD$8+$BE$16 | AP77: =1/(1+EXP(-AO77)) | AQ77: =$BF$14*((AJ77)-$BD$5)/$BD$6+$BF$15*((AK77)-$BD$7)/$BD$8+$BF$16 | AR77: =1/(1+EXP(-AQ77)) | AS77: =$BG$14*((AJ77)-$BD$5)/$BD$6+$BG$15*((AK77)-$BD$7)/$BD$8+$BG$16 | AT77: =1/(1+EXP(-AS77)) | AU77: =$BH$14*((AJ77)-$BD$5)/$BD$6+$BH$15*((AK77)-$BD$7)/$BD$8+$BH$16 | AV77: =1/(1+EXP(-AU77)) | AW77: =$BI$14*((AJ77)-$BD$5)/$BD$6+$BI$15*((AK77)-$BD$7)/$BD$8+$BI$16 | AX77: =1/(1+EXP(-AW77)) | AY77: =$BJ$14*((AJ77)-$BD$5)/$BD$6+$BJ$15*((AK77)-$BD$7)/$BD$8+$BJ$16 | AZ77: =1/(1+EXP(-AY77)) | BA77: =$BK$14*((AJ77)-$BD$5)/$BD$6+$BK$15*((AK77)-$BD$7)/$BD$8+$BK$16 | BB77: =1/(1+EXP(-BA77)) | BN77: =SUMPRODUCT((AZ$5:AZ$899*(1-AZ$5:AZ$899))*((AK$5:AK$899-$BD$7)/$BD$8)*1)*'2_Params'!$B$15
A78: ='4_Seq_Features'!A76 | B78: ='4_Seq_Features'!F76 | C78: ='4_Seq_Features'!E76 | D78: =$U$12*((B78)-$U$5)/$U$6+$U$13 | E78: =1/(1+EXP(-D78)) | F78: =$V$12*((B78)-$U$5)/$U$6+$V$13 | G78: =1/(1+EXP(-F78)) | H78: =$W$12*((B78)-$U$5)/$U$6+$W$13 | I78: =1/(1+EXP(-H78)) | J78: =$X$12*((B78)-$U$5)/$U$6+$X$13 | K78: =1/(1+EXP(-J78)) | L78: =$Y$12*((B78)-$U$5)/$U$6+$Y$13 | M78: =1/(1+EXP(-L78)) | N78: =$Z$12*((B78)-$U$5)/$U$6+$Z$13 | O78: =1/(1+EXP(-N78)) | P78: =$AA$12*((B78)-$U$5)/$U$6+$AA$13 | Q78: =1/(1+EXP(-P78)) | R78: =$AB$12*((B78)-$U$5)/$U$6+$AB$13 | S78: =1/(1+EXP(-R78)) | AI78: ='4_Seq_Features'!A76 | AJ78: ='4_Seq_Features'!G76 | AK78: ='4_Seq_Features'!H76 | AL78: ='4_Seq_Features'!E76 | AM78: =$BD$14*((AJ78)-$BD$5)/$BD$6+$BD$15*((AK78)-$BD$7)/$BD$8+$BD$16 | AN78: =1/(1+EXP(-AM78)) | AO78: =$BE$14*((AJ78)-$BD$5)/$BD$6+$BE$15*((AK78)-$BD$7)/$BD$8+$BE$16 | AP78: =1/(1+EXP(-AO78)) | AQ78: =$BF$14*((AJ78)-$BD$5)/$BD$6+$BF$15*((AK78)-$BD$7)/$BD$8+$BF$16 | AR78: =1/(1+EXP(-AQ78)) | AS78: =$BG$14*((AJ78)-$BD$5)/$BD$6+$BG$15*((AK78)-$BD$7)/$BD$8+$BG$16 | AT78: =1/(1+EXP(-AS78)) | AU78: =$BH$14*((AJ78)-$BD$5)/$BD$6+$BH$15*((AK78)-$BD$7)/$BD$8+$BH$16 | AV78: =1/(1+EXP(-AU78)) | AW78: =$BI$14*((AJ78)-$BD$5)/$BD$6+$BI$15*((AK78)-$BD$7)/$BD$8+$BI$16 | AX78: =1/(1+EXP(-AW78)) | AY78: =$BJ$14*((AJ78)-$BD$5)/$BD$6+$BJ$15*((AK78)-$BD$7)/$BD$8+$BJ$16 | AZ78: =1/(1+EXP(-AY78)) | BA78: =$BK$14*((AJ78)-$BD$5)/$BD$6+$BK$15*((AK78)-$BD$7)/$BD$8+$BK$16 | BB78: =1/(1+EXP(-BA78)) | BN78: =SUMPRODUCT((AZ$5:AZ$899*(1-AZ$5:AZ$899))*1*1)*'2_Params'!$B$15
A79: ='4_Seq_Features'!A77 | B79: ='4_Seq_Features'!F77 | C79: ='4_Seq_Features'!E77 | D79: =$U$12*((B79)-$U$5)/$U$6+$U$13 | E79: =1/(1+EXP(-D79)) | F79: =$V$12*((B79)-$U$5)/$U$6+$V$13 | G79: =1/(1+EXP(-F79)) | H79: =$W$12*((B79)-$U$5)/$U$6+$W$13 | I79: =1/(1+EXP(-H79)) | J79: =$X$12*((B79)-$U$5)/$U$6+$X$13 | K79: =1/(1+EXP(-J79)) | L79: =$Y$12*((B79)-$U$5)/$U$6+$Y$13 | M79: =1/(1+EXP(-L79)) | N79: =$Z$12*((B79)-$U$5)/$U$6+$Z$13 | O79: =1/(1+EXP(-N79)) | P79: =$AA$12*((B79)-$U$5)/$U$6+$AA$13 | Q79: =1/(1+EXP(-P79)) | R79: =$AB$12*((B79)-$U$5)/$U$6+$AB$13 | S79: =1/(1+EXP(-R79)) | AI79: ='4_Seq_Features'!A77 | AJ79: ='4_Seq_Features'!G77 | AK79: ='4_Seq_Features'!H77 | AL79: ='4_Seq_Features'!E77 | AM79: =$BD$14*((AJ79)-$BD$5)/$BD$6+$BD$15*((AK79)-$BD$7)/$BD$8+$BD$16 | AN79: =1/(1+EXP(-AM79)) | AO79: =$BE$14*((AJ79)-$BD$5)/$BD$6+$BE$15*((AK79)-$BD$7)/$BD$8+$BE$16 | AP79: =1/(1+EXP(-AO79)) | AQ79: =$BF$14*((AJ79)-$BD$5)/$BD$6+$BF$15*((AK79)-$BD$7)/$BD$8+$BF$16 | AR79: =1/(1+EXP(-AQ79)) | AS79: =$BG$14*((AJ79)-$BD$5)/$BD$6+$BG$15*((AK79)-$BD$7)/$BD$8+$BG$16 | AT79: =1/(1+EXP(-AS79)) | AU79: =$BH$14*((AJ79)-$BD$5)/$BD$6+$BH$15*((AK79)-$BD$7)/$BD$8+$BH$16 | AV79: =1/(1+EXP(-AU79)) | AW79: =$BI$14*((AJ79)-$BD$5)/$BD$6+$BI$15*((AK79)-$BD$7)/$BD$8+$BI$16 | AX79: =1/(1+EXP(-AW79)) | AY79: =$BJ$14*((AJ79)-$BD$5)/$BD$6+$BJ$15*((AK79)-$BD$7)/$BD$8+$BJ$16 | AZ79: =1/(1+EXP(-AY79)) | BA79: =$BK$14*((AJ79)-$BD$5)/$BD$6+$BK$15*((AK79)-$BD$7)/$BD$8+$BK$16 | BB79: =1/(1+EXP(-BA79))
A80: ='4_Seq_Features'!A78 | B80: ='4_Seq_Features'!F78 | C80: ='4_Seq_Features'!E78 | D80: =$U$12*((B80)-$U$5)/$U$6+$U$13 | E80: =1/(1+EXP(-D80)) | F80: =$V$12*((B80)-$U$5)/$U$6+$V$13 | G80: =1/(1+EXP(-F80)) | H80: =$W$12*((B80)-$U$5)/$U$6+$W$13 | I80: =1/(1+EXP(-H80)) | J80: =$X$12*((B80)-$U$5)/$U$6+$X$13 | K80: =1/(1+EXP(-J80)) | L80: =$Y$12*((B80)-$U$5)/$U$6+$Y$13 | M80: =1/(1+EXP(-L80)) | N80: =$Z$12*((B80)-$U$5)/$U$6+$Z$13 | O80: =1/(1+EXP(-N80)) | P80: =$AA$12*((B80)-$U$5)/$U$6+$AA$13 | Q80: =1/(1+EXP(-P80)) | R80: =$AB$12*((B80)-$U$5)/$U$6+$AB$13 | S80: =1/(1+EXP(-R80)) | AI80: ='4_Seq_Features'!A78 | AJ80: ='4_Seq_Features'!G78 | AK80: ='4_Seq_Features'!H78 | AL80: ='4_Seq_Features'!E78 | AM80: =$BD$14*((AJ80)-$BD$5)/$BD$6+$BD$15*((AK80)-$BD$7)/$BD$8+$BD$16 | AN80: =1/(1+EXP(-AM80)) | AO80: =$BE$14*((AJ80)-$BD$5)/$BD$6+$BE$15*((AK80)-$BD$7)/$BD$8+$BE$16 | AP80: =1/(1+EXP(-AO80)) | AQ80: =$BF$14*((AJ80)-$BD$5)/$BD$6+$BF$15*((AK80)-$BD$7)/$BD$8+$BF$16 | AR80: =1/(1+EXP(-AQ80)) | AS80: =$BG$14*((AJ80)-$BD$5)/$BD$6+$BG$15*((AK80)-$BD$7)/$BD$8+$BG$16 | AT80: =1/(1+EXP(-AS80)) | AU80: =$BH$14*((AJ80)-$BD$5)/$BD$6+$BH$15*((AK80)-$BD$7)/$BD$8+$BH$16 | AV80: =1/(1+EXP(-AU80)) | AW80: =$BI$14*((AJ80)-$BD$5)/$BD$6+$BI$15*((AK80)-$BD$7)/$BD$8+$BI$16 | AX80: =1/(1+EXP(-AW80)) | AY80: =$BJ$14*((AJ80)-$BD$5)/$BD$6+$BJ$15*((AK80)-$BD$7)/$BD$8+$BJ$16 | AZ80: =1/(1+EXP(-AY80)) | BA80: =$BK$14*((AJ80)-$BD$5)/$BD$6+$BK$15*((AK80)-$BD$7)/$BD$8+$BK$16 | BB80: =1/(1+EXP(-BA80))
A81: ='4_Seq_Features'!A79 | B81: ='4_Seq_Features'!F79 | C81: ='4_Seq_Features'!E79 | D81: =$U$12*((B81)-$U$5)/$U$6+$U$13 | E81: =1/(1+EXP(-D81)) | F81: =$V$12*((B81)-$U$5)/$U$6+$V$13 | G81: =1/(1+EXP(-F81)) | H81: =$W$12*((B81)-$U$5)/$U$6+$W$13 | I81: =1/(1+EXP(-H81)) | J81: =$X$12*((B81)-$U$5)/$U$6+$X$13 | K81: =1/(1+EXP(-J81)) | L81: =$Y$12*((B81)-$U$5)/$U$6+$Y$13 | M81: =1/(1+EXP(-L81)) | N81: =$Z$12*((B81)-$U$5)/$U$6+$Z$13 | O81: =1/(1+EXP(-N81)) | P81: =$AA$12*((B81)-$U$5)/$U$6+$AA$13 | Q81: =1/(1+EXP(-P81)) | R81: =$AB$12*((B81)-$U$5)/$U$6+$AB$13 | S81: =1/(1+EXP(-R81)) | AI81: ='4_Seq_Features'!A79 | AJ81: ='4_Seq_Features'!G79 | AK81: ='4_Seq_Features'!H79 | AL81: ='4_Seq_Features'!E79 | AM81: =$BD$14*((AJ81)-$BD$5)/$BD$6+$BD$15*((AK81)-$BD$7)/$BD$8+$BD$16 | AN81: =1/(1+EXP(-AM81)) | AO81: =$BE$14*((AJ81)-$BD$5)/$BD$6+$BE$15*((AK81)-$BD$7)/$BD$8+$BE$16 | AP81: =1/(1+EXP(-AO81)) | AQ81: =$BF$14*((AJ81)-$BD$5)/$BD$6+$BF$15*((AK81)-$BD$7)/$BD$8+$BF$16 | AR81: =1/(1+EXP(-AQ81)) | AS81: =$BG$14*((AJ81)-$BD$5)/$BD$6+$BG$15*((AK81)-$BD$7)/$BD$8+$BG$16 | AT81: =1/(1+EXP(-AS81)) | AU81: =$BH$14*((AJ81)-$BD$5)/$BD$6+$BH$15*((AK81)-$BD$7)/$BD$8+$BH$16 | AV81: =1/(1+EXP(-AU81)) | AW81: =$BI$14*((AJ81)-$BD$5)/$BD$6+$BI$15*((AK81)-$BD$7)/$BD$8+$BI$16 | AX81: =1/(1+EXP(-AW81)) | AY81: =$BJ$14*((AJ81)-$BD$5)/$BD$6+$BJ$15*((AK81)-$BD$7)/$BD$8+$BJ$16 | AZ81: =1/(1+EXP(-AY81)) | BA81: =$BK$14*((AJ81)-$BD$5)/$BD$6+$BK$15*((AK81)-$BD$7)/$BD$8+$BK$16 | BB81: =1/(1+EXP(-BA81))
A82: ='4_Seq_Features'!A80 | B82: ='4_Seq_Features'!F80 | C82: ='4_Seq_Features'!E80 | D82: =$U$12*((B82)-$U$5)/$U$6+$U$13 | E82: =1/(1+EXP(-D82)) | F82: =$V$12*((B82)-$U$5)/$U$6+$V$13 | G82: =1/(1+EXP(-F82)) | H82: =$W$12*((B82)-$U$5)/$U$6+$W$13 | I82: =1/(1+EXP(-H82)) | J82: =$X$12*((B82)-$U$5)/$U$6+$X$13 | K82: =1/(1+EXP(-J82)) | L82: =$Y$12*((B82)-$U$5)/$U$6+$Y$13 | M82: =1/(1+EXP(-L82)) | N82: =$Z$12*((B82)-$U$5)/$U$6+$Z$13 | O82: =1/(1+EXP(-N82)) | P82: =$AA$12*((B82)-$U$5)/$U$6+$AA$13 | Q82: =1/(1+EXP(-P82)) | R82: =$AB$12*((B82)-$U$5)/$U$6+$AB$13 | S82: =1/(1+EXP(-R82)) | AI82: ='4_Seq_Features'!A80 | AJ82: ='4_Seq_Features'!G80 | AK82: ='4_Seq_Features'!H80 | AL82: ='4_Seq_Features'!E80 | AM82: =$BD$14*((AJ82)-$BD$5)/$BD$6+$BD$15*((AK82)-$BD$7)/$BD$8+$BD$16 | AN82: =1/(1+EXP(-AM82)) | AO82: =$BE$14*((AJ82)-$BD$5)/$BD$6+$BE$15*((AK82)-$BD$7)/$BD$8+$BE$16 | AP82: =1/(1+EXP(-AO82)) | AQ82: =$BF$14*((AJ82)-$BD$5)/$BD$6+$BF$15*((AK82)-$BD$7)/$BD$8+$BF$16 | AR82: =1/(1+EXP(-AQ82)) | AS82: =$BG$14*((AJ82)-$BD$5)/$BD$6+$BG$15*((AK82)-$BD$7)/$BD$8+$BG$16 | AT82: =1/(1+EXP(-AS82)) | AU82: =$BH$14*((AJ82)-$BD$5)/$BD$6+$BH$15*((AK82)-$BD$7)/$BD$8+$BH$16 | AV82: =1/(1+EXP(-AU82)) | AW82: =$BI$14*((AJ82)-$BD$5)/$BD$6+$BI$15*((AK82)-$BD$7)/$BD$8+$BI$16 | AX82: =1/(1+EXP(-AW82)) | AY82: =$BJ$14*((AJ82)-$BD$5)/$BD$6+$BJ$15*((AK82)-$BD$7)/$BD$8+$BJ$16 | AZ82: =1/(1+EXP(-AY82)) | BA82: =$BK$14*((AJ82)-$BD$5)/$BD$6+$BK$15*((AK82)-$BD$7)/$BD$8+$BK$16 | BB82: =1/(1+EXP(-BA82)) | BM82: =SUMPRODUCT((BB$5:BB$899-AL$5:AL$899)*((AJ$5:AJ$899-$BD$5)/$BD$6))*'2_Params'!$B$15+$BK$14 | BN82: =SUMPRODUCT((BB$5:BB$899*(1-BB$5:BB$899))*((AJ$5:AJ$899-$BD$5)/$BD$6)*((AJ$5:AJ$899-$BD$5)/$BD$6))*'2_Params'!$B$15+1
A83: ='4_Seq_Features'!A81 | B83: ='4_Seq_Features'!F81 | C83: ='4_Seq_Features'!E81 | D83: =$U$12*((B83)-$U$5)/$U$6+$U$13 | E83: =1/(1+EXP(-D83)) | F83: =$V$12*((B83)-$U$5)/$U$6+$V$13 | G83: =1/(1+EXP(-F83)) | H83: =$W$12*((B83)-$U$5)/$U$6+$W$13 | I83: =1/(1+EXP(-H83)) | J83: =$X$12*((B83)-$U$5)/$U$6+$X$13 | K83: =1/(1+EXP(-J83)) | L83: =$Y$12*((B83)-$U$5)/$U$6+$Y$13 | M83: =1/(1+EXP(-L83)) | N83: =$Z$12*((B83)-$U$5)/$U$6+$Z$13 | O83: =1/(1+EXP(-N83)) | P83: =$AA$12*((B83)-$U$5)/$U$6+$AA$13 | Q83: =1/(1+EXP(-P83)) | R83: =$AB$12*((B83)-$U$5)/$U$6+$AB$13 | S83: =1/(1+EXP(-R83)) | AI83: ='4_Seq_Features'!A81 | AJ83: ='4_Seq_Features'!G81 | AK83: ='4_Seq_Features'!H81 | AL83: ='4_Seq_Features'!E81 | AM83: =$BD$14*((AJ83)-$BD$5)/$BD$6+$BD$15*((AK83)-$BD$7)/$BD$8+$BD$16 | AN83: =1/(1+EXP(-AM83)) | AO83: =$BE$14*((AJ83)-$BD$5)/$BD$6+$BE$15*((AK83)-$BD$7)/$BD$8+$BE$16 | AP83: =1/(1+EXP(-AO83)) | AQ83: =$BF$14*((AJ83)-$BD$5)/$BD$6+$BF$15*((AK83)-$BD$7)/$BD$8+$BF$16 | AR83: =1/(1+EXP(-AQ83)) | AS83: =$BG$14*((AJ83)-$BD$5)/$BD$6+$BG$15*((AK83)-$BD$7)/$BD$8+$BG$16 | AT83: =1/(1+EXP(-AS83)) | AU83: =$BH$14*((AJ83)-$BD$5)/$BD$6+$BH$15*((AK83)-$BD$7)/$BD$8+$BH$16 | AV83: =1/(1+EXP(-AU83)) | AW83: =$BI$14*((AJ83)-$BD$5)/$BD$6+$BI$15*((AK83)-$BD$7)/$BD$8+$BI$16 | AX83: =1/(1+EXP(-AW83)) | AY83: =$BJ$14*((AJ83)-$BD$5)/$BD$6+$BJ$15*((AK83)-$BD$7)/$BD$8+$BJ$16 | AZ83: =1/(1+EXP(-AY83)) | BA83: =$BK$14*((AJ83)-$BD$5)/$BD$6+$BK$15*((AK83)-$BD$7)/$BD$8+$BK$16 | BB83: =1/(1+EXP(-BA83)) | BM83: =SUMPRODUCT((BB$5:BB$899-AL$5:AL$899)*((AK$5:AK$899-$BD$7)/$BD$8))*'2_Params'!$B$15+$BK$15 | BN83: =SUMPRODUCT((BB$5:BB$899*(1-BB$5:BB$899))*((AJ$5:AJ$899-$BD$5)/$BD$6)*((AK$5:AK$899-$BD$7)/$BD$8))*'2_Params'!$B$15
A84: ='4_Seq_Features'!A82 | B84: ='4_Seq_Features'!F82 | C84: ='4_Seq_Features'!E82 | D84: =$U$12*((B84)-$U$5)/$U$6+$U$13 | E84: =1/(1+EXP(-D84)) | F84: =$V$12*((B84)-$U$5)/$U$6+$V$13 | G84: =1/(1+EXP(-F84)) | H84: =$W$12*((B84)-$U$5)/$U$6+$W$13 | I84: =1/(1+EXP(-H84)) | J84: =$X$12*((B84)-$U$5)/$U$6+$X$13 | K84: =1/(1+EXP(-J84)) | L84: =$Y$12*((B84)-$U$5)/$U$6+$Y$13 | M84: =1/(1+EXP(-L84)) | N84: =$Z$12*((B84)-$U$5)/$U$6+$Z$13 | O84: =1/(1+EXP(-N84)) | P84: =$AA$12*((B84)-$U$5)/$U$6+$AA$13 | Q84: =1/(1+EXP(-P84)) | R84: =$AB$12*((B84)-$U$5)/$U$6+$AB$13 | S84: =1/(1+EXP(-R84)) | AI84: ='4_Seq_Features'!A82 | AJ84: ='4_Seq_Features'!G82 | AK84: ='4_Seq_Features'!H82 | AL84: ='4_Seq_Features'!E82 | AM84: =$BD$14*((AJ84)-$BD$5)/$BD$6+$BD$15*((AK84)-$BD$7)/$BD$8+$BD$16 | AN84: =1/(1+EXP(-AM84)) | AO84: =$BE$14*((AJ84)-$BD$5)/$BD$6+$BE$15*((AK84)-$BD$7)/$BD$8+$BE$16 | AP84: =1/(1+EXP(-AO84)) | AQ84: =$BF$14*((AJ84)-$BD$5)/$BD$6+$BF$15*((AK84)-$BD$7)/$BD$8+$BF$16 | AR84: =1/(1+EXP(-AQ84)) | AS84: =$BG$14*((AJ84)-$BD$5)/$BD$6+$BG$15*((AK84)-$BD$7)/$BD$8+$BG$16 | AT84: =1/(1+EXP(-AS84)) | AU84: =$BH$14*((AJ84)-$BD$5)/$BD$6+$BH$15*((AK84)-$BD$7)/$BD$8+$BH$16 | AV84: =1/(1+EXP(-AU84)) | AW84: =$BI$14*((AJ84)-$BD$5)/$BD$6+$BI$15*((AK84)-$BD$7)/$BD$8+$BI$16 | AX84: =1/(1+EXP(-AW84)) | AY84: =$BJ$14*((AJ84)-$BD$5)/$BD$6+$BJ$15*((AK84)-$BD$7)/$BD$8+$BJ$16 | AZ84: =1/(1+EXP(-AY84)) | BA84: =$BK$14*((AJ84)-$BD$5)/$BD$6+$BK$15*((AK84)-$BD$7)/$BD$8+$BK$16 | BB84: =1/(1+EXP(-BA84)) | BM84: =SUMPRODUCT(BB$5:BB$899-AL$5:AL$899)*'2_Params'!$B$15+0 | BN84: =SUMPRODUCT((BB$5:BB$899*(1-BB$5:BB$899))*((AJ$5:AJ$899-$BD$5)/$BD$6)*1)*'2_Params'!$B$15
A85: ='4_Seq_Features'!A83 | B85: ='4_Seq_Features'!F83 | C85: ='4_Seq_Features'!E83 | D85: =$U$12*((B85)-$U$5)/$U$6+$U$13 | E85: =1/(1+EXP(-D85)) | F85: =$V$12*((B85)-$U$5)/$U$6+$V$13 | G85: =1/(1+EXP(-F85)) | H85: =$W$12*((B85)-$U$5)/$U$6+$W$13 | I85: =1/(1+EXP(-H85)) | J85: =$X$12*((B85)-$U$5)/$U$6+$X$13 | K85: =1/(1+EXP(-J85)) | L85: =$Y$12*((B85)-$U$5)/$U$6+$Y$13 | M85: =1/(1+EXP(-L85)) | N85: =$Z$12*((B85)-$U$5)/$U$6+$Z$13 | O85: =1/(1+EXP(-N85)) | P85: =$AA$12*((B85)-$U$5)/$U$6+$AA$13 | Q85: =1/(1+EXP(-P85)) | R85: =$AB$12*((B85)-$U$5)/$U$6+$AB$13 | S85: =1/(1+EXP(-R85)) | AI85: ='4_Seq_Features'!A83 | AJ85: ='4_Seq_Features'!G83 | AK85: ='4_Seq_Features'!H83 | AL85: ='4_Seq_Features'!E83 | AM85: =$BD$14*((AJ85)-$BD$5)/$BD$6+$BD$15*((AK85)-$BD$7)/$BD$8+$BD$16 | AN85: =1/(1+EXP(-AM85)) | AO85: =$BE$14*((AJ85)-$BD$5)/$BD$6+$BE$15*((AK85)-$BD$7)/$BD$8+$BE$16 | AP85: =1/(1+EXP(-AO85)) | AQ85: =$BF$14*((AJ85)-$BD$5)/$BD$6+$BF$15*((AK85)-$BD$7)/$BD$8+$BF$16 | AR85: =1/(1+EXP(-AQ85)) | AS85: =$BG$14*((AJ85)-$BD$5)/$BD$6+$BG$15*((AK85)-$BD$7)/$BD$8+$BG$16 | AT85: =1/(1+EXP(-AS85)) | AU85: =$BH$14*((AJ85)-$BD$5)/$BD$6+$BH$15*((AK85)-$BD$7)/$BD$8+$BH$16 | AV85: =1/(1+EXP(-AU85)) | AW85: =$BI$14*((AJ85)-$BD$5)/$BD$6+$BI$15*((AK85)-$BD$7)/$BD$8+$BI$16 | AX85: =1/(1+EXP(-AW85)) | AY85: =$BJ$14*((AJ85)-$BD$5)/$BD$6+$BJ$15*((AK85)-$BD$7)/$BD$8+$BJ$16 | AZ85: =1/(1+EXP(-AY85)) | BA85: =$BK$14*((AJ85)-$BD$5)/$BD$6+$BK$15*((AK85)-$BD$7)/$BD$8+$BK$16 | BB85: =1/(1+EXP(-BA85)) | BN85: =SUMPRODUCT((BB$5:BB$899*(1-BB$5:BB$899))*((AK$5:AK$899-$BD$7)/$BD$8)*((AK$5:AK$899-$BD$7)/$BD$8))*'2_Params'!$B$15+1
A86: ='4_Seq_Features'!A84 | B86: ='4_Seq_Features'!F84 | C86: ='4_Seq_Features'!E84 | D86: =$U$12*((B86)-$U$5)/$U$6+$U$13 | E86: =1/(1+EXP(-D86)) | F86: =$V$12*((B86)-$U$5)/$U$6+$V$13 | G86: =1/(1+EXP(-F86)) | H86: =$W$12*((B86)-$U$5)/$U$6+$W$13 | I86: =1/(1+EXP(-H86)) | J86: =$X$12*((B86)-$U$5)/$U$6+$X$13 | K86: =1/(1+EXP(-J86)) | L86: =$Y$12*((B86)-$U$5)/$U$6+$Y$13 | M86: =1/(1+EXP(-L86)) | N86: =$Z$12*((B86)-$U$5)/$U$6+$Z$13 | O86: =1/(1+EXP(-N86)) | P86: =$AA$12*((B86)-$U$5)/$U$6+$AA$13 | Q86: =1/(1+EXP(-P86)) | R86: =$AB$12*((B86)-$U$5)/$U$6+$AB$13 | S86: =1/(1+EXP(-R86)) | AI86: ='4_Seq_Features'!A84 | AJ86: ='4_Seq_Features'!G84 | AK86: ='4_Seq_Features'!H84 | AL86: ='4_Seq_Features'!E84 | AM86: =$BD$14*((AJ86)-$BD$5)/$BD$6+$BD$15*((AK86)-$BD$7)/$BD$8+$BD$16 | AN86: =1/(1+EXP(-AM86)) | AO86: =$BE$14*((AJ86)-$BD$5)/$BD$6+$BE$15*((AK86)-$BD$7)/$BD$8+$BE$16 | AP86: =1/(1+EXP(-AO86)) | AQ86: =$BF$14*((AJ86)-$BD$5)/$BD$6+$BF$15*((AK86)-$BD$7)/$BD$8+$BF$16 | AR86: =1/(1+EXP(-AQ86)) | AS86: =$BG$14*((AJ86)-$BD$5)/$BD$6+$BG$15*((AK86)-$BD$7)/$BD$8+$BG$16 | AT86: =1/(1+EXP(-AS86)) | AU86: =$BH$14*((AJ86)-$BD$5)/$BD$6+$BH$15*((AK86)-$BD$7)/$BD$8+$BH$16 | AV86: =1/(1+EXP(-AU86)) | AW86: =$BI$14*((AJ86)-$BD$5)/$BD$6+$BI$15*((AK86)-$BD$7)/$BD$8+$BI$16 | AX86: =1/(1+EXP(-AW86)) | AY86: =$BJ$14*((AJ86)-$BD$5)/$BD$6+$BJ$15*((AK86)-$BD$7)/$BD$8+$BJ$16 | AZ86: =1/(1+EXP(-AY86)) | BA86: =$BK$14*((AJ86)-$BD$5)/$BD$6+$BK$15*((AK86)-$BD$7)/$BD$8+$BK$16 | BB86: =1/(1+EXP(-BA86)) | BN86: =SUMPRODUCT((BB$5:BB$899*(1-BB$5:BB$899))*((AK$5:AK$899-$BD$7)/$BD$8)*1)*'2_Params'!$B$15
A87: ='4_Seq_Features'!A85 | B87: ='4_Seq_Features'!F85 | C87: ='4_Seq_Features'!E85 | D87: =$U$12*((B87)-$U$5)/$U$6+$U$13 | E87: =1/(1+EXP(-D87)) | F87: =$V$12*((B87)-$U$5)/$U$6+$V$13 | G87: =1/(1+EXP(-F87)) | H87: =$W$12*((B87)-$U$5)/$U$6+$W$13 | I87: =1/(1+EXP(-H87)) | J87: =$X$12*((B87)-$U$5)/$U$6+$X$13 | K87: =1/(1+EXP(-J87)) | L87: =$Y$12*((B87)-$U$5)/$U$6+$Y$13 | M87: =1/(1+EXP(-L87)) | N87: =$Z$12*((B87)-$U$5)/$U$6+$Z$13 | O87: =1/(1+EXP(-N87)) | P87: =$AA$12*((B87)-$U$5)/$U$6+$AA$13 | Q87: =1/(1+EXP(-P87)) | R87: =$AB$12*((B87)-$U$5)/$U$6+$AB$13 | S87: =1/(1+EXP(-R87)) | AI87: ='4_Seq_Features'!A85 | AJ87: ='4_Seq_Features'!G85 | AK87: ='4_Seq_Features'!H85 | AL87: ='4_Seq_Features'!E85 | AM87: =$BD$14*((AJ87)-$BD$5)/$BD$6+$BD$15*((AK87)-$BD$7)/$BD$8+$BD$16 | AN87: =1/(1+EXP(-AM87)) | AO87: =$BE$14*((AJ87)-$BD$5)/$BD$6+$BE$15*((AK87)-$BD$7)/$BD$8+$BE$16 | AP87: =1/(1+EXP(-AO87)) | AQ87: =$BF$14*((AJ87)-$BD$5)/$BD$6+$BF$15*((AK87)-$BD$7)/$BD$8+$BF$16 | AR87: =1/(1+EXP(-AQ87)) | AS87: =$BG$14*((AJ87)-$BD$5)/$BD$6+$BG$15*((AK87)-$BD$7)/$BD$8+$BG$16 | AT87: =1/(1+EXP(-AS87)) | AU87: =$BH$14*((AJ87)-$BD$5)/$BD$6+$BH$15*((AK87)-$BD$7)/$BD$8+$BH$16 | AV87: =1/(1+EXP(-AU87)) | AW87: =$BI$14*((AJ87)-$BD$5)/$BD$6+$BI$15*((AK87)-$BD$7)/$BD$8+$BI$16 | AX87: =1/(1+EXP(-AW87)) | AY87: =$BJ$14*((AJ87)-$BD$5)/$BD$6+$BJ$15*((AK87)-$BD$7)/$BD$8+$BJ$16 | AZ87: =1/(1+EXP(-AY87)) | BA87: =$BK$14*((AJ87)-$BD$5)/$BD$6+$BK$15*((AK87)-$BD$7)/$BD$8+$BK$16 | BB87: =1/(1+EXP(-BA87)) | BN87: =SUMPRODUCT((BB$5:BB$899*(1-BB$5:BB$899))*1*1)*'2_Params'!$B$15
A88: ='4_Seq_Features'!A86 | B88: ='4_Seq_Features'!F86 | C88: ='4_Seq_Features'!E86 | D88: =$U$12*((B88)-$U$5)/$U$6+$U$13 | E88: =1/(1+EXP(-D88)) | F88: =$V$12*((B88)-$U$5)/$U$6+$V$13 | G88: =1/(1+EXP(-F88)) | H88: =$W$12*((B88)-$U$5)/$U$6+$W$13 | I88: =1/(1+EXP(-H88)) | J88: =$X$12*((B88)-$U$5)/$U$6+$X$13 | K88: =1/(1+EXP(-J88)) | L88: =$Y$12*((B88)-$U$5)/$U$6+$Y$13 | M88: =1/(1+EXP(-L88)) | N88: =$Z$12*((B88)-$U$5)/$U$6+$Z$13 | O88: =1/(1+EXP(-N88)) | P88: =$AA$12*((B88)-$U$5)/$U$6+$AA$13 | Q88: =1/(1+EXP(-P88)) | R88: =$AB$12*((B88)-$U$5)/$U$6+$AB$13 | S88: =1/(1+EXP(-R88)) | AI88: ='4_Seq_Features'!A86 | AJ88: ='4_Seq_Features'!G86 | AK88: ='4_Seq_Features'!H86 | AL88: ='4_Seq_Features'!E86 | AM88: =$BD$14*((AJ88)-$BD$5)/$BD$6+$BD$15*((AK88)-$BD$7)/$BD$8+$BD$16 | AN88: =1/(1+EXP(-AM88)) | AO88: =$BE$14*((AJ88)-$BD$5)/$BD$6+$BE$15*((AK88)-$BD$7)/$BD$8+$BE$16 | AP88: =1/(1+EXP(-AO88)) | AQ88: =$BF$14*((AJ88)-$BD$5)/$BD$6+$BF$15*((AK88)-$BD$7)/$BD$8+$BF$16 | AR88: =1/(1+EXP(-AQ88)) | AS88: =$BG$14*((AJ88)-$BD$5)/$BD$6+$BG$15*((AK88)-$BD$7)/$BD$8+$BG$16 | AT88: =1/(1+EXP(-AS88)) | AU88: =$BH$14*((AJ88)-$BD$5)/$BD$6+$BH$15*((AK88)-$BD$7)/$BD$8+$BH$16 | AV88: =1/(1+EXP(-AU88)) | AW88: =$BI$14*((AJ88)-$BD$5)/$BD$6+$BI$15*((AK88)-$BD$7)/$BD$8+$BI$16 | AX88: =1/(1+EXP(-AW88)) | AY88: =$BJ$14*((AJ88)-$BD$5)/$BD$6+$BJ$15*((AK88)-$BD$7)/$BD$8+$BJ$16 | AZ88: =1/(1+EXP(-AY88)) | BA88: =$BK$14*((AJ88)-$BD$5)/$BD$6+$BK$15*((AK88)-$BD$7)/$BD$8+$BK$16 | BB88: =1/(1+EXP(-BA88))
A89: ='4_Seq_Features'!A87 | B89: ='4_Seq_Features'!F87 | C89: ='4_Seq_Features'!E87 | D89: =$U$12*((B89)-$U$5)/$U$6+$U$13 | E89: =1/(1+EXP(-D89)) | F89: =$V$12*((B89)-$U$5)/$U$6+$V$13 | G89: =1/(1+EXP(-F89)) | H89: =$W$12*((B89)-$U$5)/$U$6+$W$13 | I89: =1/(1+EXP(-H89)) | J89: =$X$12*((B89)-$U$5)/$U$6+$X$13 | K89: =1/(1+EXP(-J89)) | L89: =$Y$12*((B89)-$U$5)/$U$6+$Y$13 | M89: =1/(1+EXP(-L89)) | N89: =$Z$12*((B89)-$U$5)/$U$6+$Z$13 | O89: =1/(1+EXP(-N89)) | P89: =$AA$12*((B89)-$U$5)/$U$6+$AA$13 | Q89: =1/(1+EXP(-P89)) | R89: =$AB$12*((B89)-$U$5)/$U$6+$AB$13 | S89: =1/(1+EXP(-R89)) | AI89: ='4_Seq_Features'!A87 | AJ89: ='4_Seq_Features'!G87 | AK89: ='4_Seq_Features'!H87 | AL89: ='4_Seq_Features'!E87 | AM89: =$BD$14*((AJ89)-$BD$5)/$BD$6+$BD$15*((AK89)-$BD$7)/$BD$8+$BD$16 | AN89: =1/(1+EXP(-AM89)) | AO89: =$BE$14*((AJ89)-$BD$5)/$BD$6+$BE$15*((AK89)-$BD$7)/$BD$8+$BE$16 | AP89: =1/(1+EXP(-AO89)) | AQ89: =$BF$14*((AJ89)-$BD$5)/$BD$6+$BF$15*((AK89)-$BD$7)/$BD$8+$BF$16 | AR89: =1/(1+EXP(-AQ89)) | AS89: =$BG$14*((AJ89)-$BD$5)/$BD$6+$BG$15*((AK89)-$BD$7)/$BD$8+$BG$16 | AT89: =1/(1+EXP(-AS89)) | AU89: =$BH$14*((AJ89)-$BD$5)/$BD$6+$BH$15*((AK89)-$BD$7)/$BD$8+$BH$16 | AV89: =1/(1+EXP(-AU89)) | AW89: =$BI$14*((AJ89)-$BD$5)/$BD$6+$BI$15*((AK89)-$BD$7)/$BD$8+$BI$16 | AX89: =1/(1+EXP(-AW89)) | AY89: =$BJ$14*((AJ89)-$BD$5)/$BD$6+$BJ$15*((AK89)-$BD$7)/$BD$8+$BJ$16 | AZ89: =1/(1+EXP(-AY89)) | BA89: =$BK$14*((AJ89)-$BD$5)/$BD$6+$BK$15*((AK89)-$BD$7)/$BD$8+$BK$16 | BB89: =1/(1+EXP(-BA89))
A90: ='4_Seq_Features'!A88 | B90: ='4_Seq_Features'!F88 | C90: ='4_Seq_Features'!E88 | D90: =$U$12*((B90)-$U$5)/$U$6+$U$13 | E90: =1/(1+EXP(-D90)) | F90: =$V$12*((B90)-$U$5)/$U$6+$V$13 | G90: =1/(1+EXP(-F90)) | H90: =$W$12*((B90)-$U$5)/$U$6+$W$13 | I90: =1/(1+EXP(-H90)) | J90: =$X$12*((B90)-$U$5)/$U$6+$X$13 | K90: =1/(1+EXP(-J90)) | L90: =$Y$12*((B90)-$U$5)/$U$6+$Y$13 | M90: =1/(1+EXP(-L90)) | N90: =$Z$12*((B90)-$U$5)/$U$6+$Z$13 | O90: =1/(1+EXP(-N90)) | P90: =$AA$12*((B90)-$U$5)/$U$6+$AA$13 | Q90: =1/(1+EXP(-P90)) | R90: =$AB$12*((B90)-$U$5)/$U$6+$AB$13 | S90: =1/(1+EXP(-R90)) | AI90: ='4_Seq_Features'!A88 | AJ90: ='4_Seq_Features'!G88 | AK90: ='4_Seq_Features'!H88 | AL90: ='4_Seq_Features'!E88 | AM90: =$BD$14*((AJ90)-$BD$5)/$BD$6+$BD$15*((AK90)-$BD$7)/$BD$8+$BD$16 | AN90: =1/(1+EXP(-AM90)) | AO90: =$BE$14*((AJ90)-$BD$5)/$BD$6+$BE$15*((AK90)-$BD$7)/$BD$8+$BE$16 | AP90: =1/(1+EXP(-AO90)) | AQ90: =$BF$14*((AJ90)-$BD$5)/$BD$6+$BF$15*((AK90)-$BD$7)/$BD$8+$BF$16 | AR90: =1/(1+EXP(-AQ90)) | AS90: =$BG$14*((AJ90)-$BD$5)/$BD$6+$BG$15*((AK90)-$BD$7)/$BD$8+$BG$16 | AT90: =1/(1+EXP(-AS90)) | AU90: =$BH$14*((AJ90)-$BD$5)/$BD$6+$BH$15*((AK90)-$BD$7)/$BD$8+$BH$16 | AV90: =1/(1+EXP(-AU90)) | AW90: =$BI$14*((AJ90)-$BD$5)/$BD$6+$BI$15*((AK90)-$BD$7)/$BD$8+$BI$16 | AX90: =1/(1+EXP(-AW90)) | AY90: =$BJ$14*((AJ90)-$BD$5)/$BD$6+$BJ$15*((AK90)-$BD$7)/$BD$8+$BJ$16 | AZ90: =1/(1+EXP(-AY90)) | BA90: =$BK$14*((AJ90)-$BD$5)/$BD$6+$BK$15*((AK90)-$BD$7)/$BD$8+$BK$16 | BB90: =1/(1+EXP(-BA90))
A91: ='4_Seq_Features'!A89 | B91: ='4_Seq_Features'!F89 | C91: ='4_Seq_Features'!E89 | D91: =$U$12*((B91)-$U$5)/$U$6+$U$13 | E91: =1/(1+EXP(-D91)) | F91: =$V$12*((B91)-$U$5)/$U$6+$V$13 | G91: =1/(1+EXP(-F91)) | H91: =$W$12*((B91)-$U$5)/$U$6+$W$13 | I91: =1/(1+EXP(-H91)) | J91: =$X$12*((B91)-$U$5)/$U$6+$X$13 | K91: =1/(1+EXP(-J91)) | L91: =$Y$12*((B91)-$U$5)/$U$6+$Y$13 | M91: =1/(1+EXP(-L91)) | N91: =$Z$12*((B91)-$U$5)/$U$6+$Z$13 | O91: =1/(1+EXP(-N91)) | P91: =$AA$12*((B91)-$U$5)/$U$6+$AA$13 | Q91: =1/(1+EXP(-P91)) | R91: =$AB$12*((B91)-$U$5)/$U$6+$AB$13 | S91: =1/(1+EXP(-R91)) | AI91: ='4_Seq_Features'!A89 | AJ91: ='4_Seq_Features'!G89 | AK91: ='4_Seq_Features'!H89 | AL91: ='4_Seq_Features'!E89 | AM91: =$BD$14*((AJ91)-$BD$5)/$BD$6+$BD$15*((AK91)-$BD$7)/$BD$8+$BD$16 | AN91: =1/(1+EXP(-AM91)) | AO91: =$BE$14*((AJ91)-$BD$5)/$BD$6+$BE$15*((AK91)-$BD$7)/$BD$8+$BE$16 | AP91: =1/(1+EXP(-AO91)) | AQ91: =$BF$14*((AJ91)-$BD$5)/$BD$6+$BF$15*((AK91)-$BD$7)/$BD$8+$BF$16 | AR91: =1/(1+EXP(-AQ91)) | AS91: =$BG$14*((AJ91)-$BD$5)/$BD$6+$BG$15*((AK91)-$BD$7)/$BD$8+$BG$16 | AT91: =1/(1+EXP(-AS91)) | AU91: =$BH$14*((AJ91)-$BD$5)/$BD$6+$BH$15*((AK91)-$BD$7)/$BD$8+$BH$16 | AV91: =1/(1+EXP(-AU91)) | AW91: =$BI$14*((AJ91)-$BD$5)/$BD$6+$BI$15*((AK91)-$BD$7)/$BD$8+$BI$16 | AX91: =1/(1+EXP(-AW91)) | AY91: =$BJ$14*((AJ91)-$BD$5)/$BD$6+$BJ$15*((AK91)-$BD$7)/$BD$8+$BJ$16 | AZ91: =1/(1+EXP(-AY91)) | BA91: =$BK$14*((AJ91)-$BD$5)/$BD$6+$BK$15*((AK91)-$BD$7)/$BD$8+$BK$16 | BB91: =1/(1+EXP(-BA91))
A92: ='4_Seq_Features'!A90 | B92: ='4_Seq_Features'!F90 | C92: ='4_Seq_Features'!E90 | D92: =$U$12*((B92)-$U$5)/$U$6+$U$13 | E92: =1/(1+EXP(-D92)) | F92: =$V$12*((B92)-$U$5)/$U$6+$V$13 | G92: =1/(1+EXP(-F92)) | H92: =$W$12*((B92)-$U$5)/$U$6+$W$13 | I92: =1/(1+EXP(-H92)) | J92: =$X$12*((B92)-$U$5)/$U$6+$X$13 | K92: =1/(1+EXP(-J92)) | L92: =$Y$12*((B92)-$U$5)/$U$6+$Y$13 | M92: =1/(1+EXP(-L92)) | N92: =$Z$12*((B92)-$U$5)/$U$6+$Z$13 | O92: =1/(1+EXP(-N92)) | P92: =$AA$12*((B92)-$U$5)/$U$6+$AA$13 | Q92: =1/(1+EXP(-P92)) | R92: =$AB$12*((B92)-$U$5)/$U$6+$AB$13 | S92: =1/(1+EXP(-R92)) | AI92: ='4_Seq_Features'!A90 | AJ92: ='4_Seq_Features'!G90 | AK92: ='4_Seq_Features'!H90 | AL92: ='4_Seq_Features'!E90 | AM92: =$BD$14*((AJ92)-$BD$5)/$BD$6+$BD$15*((AK92)-$BD$7)/$BD$8+$BD$16 | AN92: =1/(1+EXP(-AM92)) | AO92: =$BE$14*((AJ92)-$BD$5)/$BD$6+$BE$15*((AK92)-$BD$7)/$BD$8+$BE$16 | AP92: =1/(1+EXP(-AO92)) | AQ92: =$BF$14*((AJ92)-$BD$5)/$BD$6+$BF$15*((AK92)-$BD$7)/$BD$8+$BF$16 | AR92: =1/(1+EXP(-AQ92)) | AS92: =$BG$14*((AJ92)-$BD$5)/$BD$6+$BG$15*((AK92)-$BD$7)/$BD$8+$BG$16 | AT92: =1/(1+EXP(-AS92)) | AU92: =$BH$14*((AJ92)-$BD$5)/$BD$6+$BH$15*((AK92)-$BD$7)/$BD$8+$BH$16 | AV92: =1/(1+EXP(-AU92)) | AW92: =$BI$14*((AJ92)-$BD$5)/$BD$6+$BI$15*((AK92)-$BD$7)/$BD$8+$BI$16 | AX92: =1/(1+EXP(-AW92)) | AY92: =$BJ$14*((AJ92)-$BD$5)/$BD$6+$BJ$15*((AK92)-$BD$7)/$BD$8+$BJ$16 | AZ92: =1/(1+EXP(-AY92)) | BA92: =$BK$14*((AJ92)-$BD$5)/$BD$6+$BK$15*((AK92)-$BD$7)/$BD$8+$BK$16 | BB92: =1/(1+EXP(-BA92))
A93: ='4_Seq_Features'!A91 | B93: ='4_Seq_Features'!F91 | C93: ='4_Seq_Features'!E91 | D93: =$U$12*((B93)-$U$5)/$U$6+$U$13 | E93: =1/(1+EXP(-D93)) | F93: =$V$12*((B93)-$U$5)/$U$6+$V$13 | G93: =1/(1+EXP(-F93)) | H93: =$W$12*((B93)-$U$5)/$U$6+$W$13 | I93: =1/(1+EXP(-H93)) | J93: =$X$12*((B93)-$U$5)/$U$6+$X$13 | K93: =1/(1+EXP(-J93)) | L93: =$Y$12*((B93)-$U$5)/$U$6+$Y$13 | M93: =1/(1+EXP(-L93)) | N93: =$Z$12*((B93)-$U$5)/$U$6+$Z$13 | O93: =1/(1+EXP(-N93)) | P93: =$AA$12*((B93)-$U$5)/$U$6+$AA$13 | Q93: =1/(1+EXP(-P93)) | R93: =$AB$12*((B93)-$U$5)/$U$6+$AB$13 | S93: =1/(1+EXP(-R93)) | AI93: ='4_Seq_Features'!A91 | AJ93: ='4_Seq_Features'!G91 | AK93: ='4_Seq_Features'!H91 | AL93: ='4_Seq_Features'!E91 | AM93: =$BD$14*((AJ93)-$BD$5)/$BD$6+$BD$15*((AK93)-$BD$7)/$BD$8+$BD$16 | AN93: =1/(1+EXP(-AM93)) | AO93: =$BE$14*((AJ93)-$BD$5)/$BD$6+$BE$15*((AK93)-$BD$7)/$BD$8+$BE$16 | AP93: =1/(1+EXP(-AO93)) | AQ93: =$BF$14*((AJ93)-$BD$5)/$BD$6+$BF$15*((AK93)-$BD$7)/$BD$8+$BF$16 | AR93: =1/(1+EXP(-AQ93)) | AS93: =$BG$14*((AJ93)-$BD$5)/$BD$6+$BG$15*((AK93)-$BD$7)/$BD$8+$BG$16 | AT93: =1/(1+EXP(-AS93)) | AU93: =$BH$14*((AJ93)-$BD$5)/$BD$6+$BH$15*((AK93)-$BD$7)/$BD$8+$BH$16 | AV93: =1/(1+EXP(-AU93)) | AW93: =$BI$14*((AJ93)-$BD$5)/$BD$6+$BI$15*((AK93)-$BD$7)/$BD$8+$BI$16 | AX93: =1/(1+EXP(-AW93)) | AY93: =$BJ$14*((AJ93)-$BD$5)/$BD$6+$BJ$15*((AK93)-$BD$7)/$BD$8+$BJ$16 | AZ93: =1/(1+EXP(-AY93)) | BA93: =$BK$14*((AJ93)-$BD$5)/$BD$6+$BK$15*((AK93)-$BD$7)/$BD$8+$BK$16 | BB93: =1/(1+EXP(-BA93))
